message	correspondent	direction	tweet	word1	word2	word3	time	subject	thread	length

273	JDw	to		saw	tulp	visualizer	1325673926	SEE #7	28	32

277	JDw	to		domination	owner	clashes	1325674514	Re: SEE #7	29	140

281	JDw	to		andy	happy	willem	1325674679	Re: SEE #7	29	25

290	JDw	to		zürich	freiestrasse	excel	1325675191	Re: SEE #7	29	91

280	JDw	to		address	wish	speaking	1325682392	Re: SEE #7	29	49

274	JDw	to		yes	year	jan	1325682834	Re: SEE #7	29	19

279	JDw	to		monitor	icons	imminent	1325675475	Re: SEE #7	30	60

278	JDw	to		www	andy	web	1325683148	Re: SEE #7	32	20

287	JDw	to		board	scene	wiesbaden	1325687780	Re: SEE #7	32	56

285	JDw	to		kirk	visualisingdata	visualising	1325691876	Re: SEE #7	35	30

284	JDw	to		hire	confirmed	refer	1325694035	Re: SEE #7	35	127

282	JDw	to		really	don	too	1325709183	Re: SEE #7	35	8

286	JDw	to		excitement	grab	officially	1325719225	Re: SEE #7	35	121

289	JDw	to		barcelona	expectancy	funded	1325725703	Re: SEE #7	35	139

275	JDw	to		funding	announced	speakers	1325750522	Re: SEE #7	35	97

283	JDw	to		themed	exchanges	echoing	1325751119	Re: SEE #7	41	322

288	JDw	to		address	knowledge	london	1325760712	Re: SEE #7	41	45

276	JDw	to		conferences	invited	practice	1325765749	Re: SEE #7	41	42

422	JDw	to		nathan	thorp	reaction	1325790298	Flowingdata	41	66

420	JDw	to		nathan	weird	fee	1325792098	Re: Flowingdata	41	65

426	JDw	to		familiar	reputation	weak	1325804827	Re: Flowingdata	41	127

427	JDw	to		old	model	paid	1326141866	Re: Flowingdata	41	39

416	JDw	to					1326143286	Re: Flowingdata	41	0

421	JDw	to		allow	commercial	invested	1326185438	Re: Flowingdata	41	76

419	JDw	to		again	money	fun	1326191551	Re: Flowingdata	41	29

425	JDw	to		for	one	get	1326193789	Re: Flowingdata	41	6

424	JDw	to		personally	nathan	sign	1326198883	Re: Flowingdata	41	68

404	JDw	to		was	something	interesting	1325782315		47	10

423	JDw	to		occasional	act	sustainability	1326200817	Re: Flowingdata	74	78

417	JDw	to		met	ask	weeks	1326210983	Re: Flowingdata	74	34

418	JDw	to		you	know	moritz	1326220976	Re: Flowingdata	74	13

839	JDw	to		jan	willem	does	1326309908	Resonate	85	15

838	JDw	to		team	unfortunately	care	1326310825	Re: Resonate	85	26

841	JDw	to		love	damm	eickedorfer	1326311966	Re: Resonate	85	25

836	JDw	to		advantage	license	windows	1326313100	Re: Resonate	85	71

843	JDw	to		going	sure	since	1326379323	Re: Resonate	85	22

837	JDw	to		glad	plans	family	1326456598	Re: Resonate	85	32

842	JDw	to		moment	yet	haven	1326644075	Re: Resonate	85	13

840	JDw	to		update	eyeo	attend	1328045390	Re: Resonate	85	26

996	JDw	to		episodes	infinite	novice	1326491746	How does a beginner find data?	100	262

998	JDw	to		statistical	movement	extensive	1326492283	Re: How does a beginner find data?	100	162

999	JDw	to		gapminder	ages	journalist	1326494460	Re: How does a beginner find data?	100	158

997	JDw	to		feeds	websites	acquisition	1326532953	Re: How does a beginner find data?	100	96

1000	JDw	to		personally	graphs	knowing	1326585773	Re: How does a beginner find data?	100	69

1551	JDw	to		arisen	deemed	delivering	1327350886	Quick bit of advice	145	250

1555	JDw	to		arisen	deemed	delivering	1327352124	Quick bit of advice	146	234

1554	JDw	to		higher	output	selling	1327357198	Re: Quick bit of advice	146	133

1553	JDw	to		similar	kirk	says	1327357490	Re: Quick bit of advice	146	50

1552	JDw	to		trainers	barriers	enricos	1327359766	Re: Quick bit of advice	146	132

1611	JDw	to		normally	mistake	reckon	1327419339	Not getting cartel emails	150	134

1612	JDw	to		mailto	mac	url	1327428429	Re: Not getting cartel emails	150	61

1669	JDw	to		comedy	happier	competing	1327491456	imdb + vis	158	185

1666	JDw	to		your	got	looking	1327492101	Re: imdb + vis	158	16

1668	JDw	to		keywords	confidence	genres	1327495269	Re: imdb + vis	158	52

1667	JDw	to		water	skilled	woohoo	1327502201	Re: imdb + vis	158	93

1728	JDw	to		datasets	contribute	nutshell	1327518586	bat signal	168	90

1732	JDw	to		jérôme	jan	probably	1327520394	Re: bat signal	168	7

1735	JDw	to		the	not	then	1327520712	Re: bat signal	168	5

1730	JDw	to		the	not	well	1327522116	Re: bat signal	168	8

1727	JDw	to		not	definitely		1327522298	Re: bat signal	168	2

1729	JDw	to		interactivethings	founding	zürich	1327565165	Re: bat signal	168	50

1734	JDw	to		also	great	cartel	1327565997	Re: bat signal	168	13

1731	JDw	to		cheers	may	book	1327566363	Re: bat signal	168	17

1733	JDw	to		cartel	happy	sorry	1327566851	Re: bat signal	168	16

2080	JDw	to		afternoon	visualising	ltd	1327932800		204	64

2081	JDw	to		workshop	andrew	sort	1327938410	Re:	204	31

2497	JDw	to		cube	juror	jurors	1328221509	Now I am Sure: Visualizing Marathon is Bullshit	248	55

2495	JDw	to		cartel	problem	whole	1328221708	Re: Now I am Sure: Visualizing Marathon is Bullshit	248	14

2501	JDw	to		london	choice	review	1328221933	Re: Now I am Sure: Visualizing Marathon is Bullshit	248	28

2494	JDw	to		entries	involved	marathon	1328222314	Re: Now I am Sure: Visualizing Marathon is Bullshit	248	36

2488	JDw	to		ordinary	submitting	crap	1328226468	Re: Now I am Sure: Visualizing Marathon is Bullshit	248	103

2493	JDw	to		sustainable	adam	manner	1328228028	Re: Now I am Sure: Visualizing Marathon is Bullshit	248	156

2499	JDw	to		degree	berlin	convinced	1328257198	Re: Now I am Sure: Visualizing Marathon is Bullshit	248	88

2496	JDw	to		enjoyable	hint	precise	1328257515	Re: Now I am Sure: Visualizing Marathon is Bullshit	248	195

2492	JDw	to		winning	connection	organized	1328294388	Re: Now I am Sure: Visualizing Marathon is Bullshit	248	56

2498	JDw	to		cpeopleâ	curricular	didactic	1329247227	Re: Now I am Sure: Visualizing Marathon is Bullshit	248	683

2489	JDw	to		discussion	charlene	willing	1329248424	Re: Now I am Sure: Visualizing Marathon is Bullshit	248	53

2491	JDw	to		cpeopleâ	curricular	didactic	1329253667	Re: Now I am Sure: Visualizing Marathon is Bullshit	248	707

2500	JDw	to		resultant	sls	solidify	1329301754	Re: Now I am Sure: Visualizing Marathon is Bullshit	248	920

2490	JDw	to		right	after	day	1329301964	Re: Now I am Sure: Visualizing Marathon is Bullshit	248	12

2576	JDw	to		pale	admitting	creeping	1328288703	advice for contest entry	256	145

2549	JDw	to		feature	cut	handy	1328294215	Re: advice for contest entry	256	38

2558	JDw	to		expand	becomes	hierarchy	1328471571	Re: advice for contest entry	256	156

2565	JDw	to		pay	button	contest	1328473749	Re: advice for contest entry	256	28

2572	JDw	to		read	anyway	started	1328474419	Re: advice for contest entry	256	20

2567	JDw	to		when	did	thought	1328474862	Re: advice for contest entry	256	11

2561	JDw	to		don	been	say	1328475110	Re: advice for contest entry	256	12

2554	JDw	to		late	piece	plot	1328524699	Re: advice for contest entry	256	60

2553	JDw	to		both	sorry	anyway	1328525622	Re: advice for contest entry	256	25

2560	JDw	to		catch	weird	average	1328526990	Re: advice for contest entry	256	87

2570	JDw	to		did	where	even	1330024959	Re: advice for contest entry	256	14

2556	JDw	to		certainly	cost	amount	1330025645	Re: advice for contest entry	256	43

2550	JDw	to		with	right	information	1330025753	Re: advice for contest entry	256	10

2564	JDw	to		challenges	contests	shame	1330027085	Re: advice for contest entry	256	62

2571	JDw	to		intel	motives	responding	1330078061	Re: advice for contest entry	256	116

2555	JDw	to		ranting	rfps	spotlight	1330361848	Re: advice for contest entry	256	240

2559	JDw	to		compete	goals	contests	1330372004	Re: advice for contest entry	256	174

2575	JDw	to		which	just	jérôme	1330372090	Re: advice for contest entry	256	15

2563	JDw	to		glad	fair	reasonable	1330376973	Re: advice for contest entry	256	55

2574	JDw	to		well	last	able	1330378695	Re: advice for contest entry	256	14

2577	JDw	to		glad	perspective	contest	1330379152	Re: advice for contest entry	256	35

2552	JDw	to		cannot	participate	winners	1330639138	Re: advice for contest entry	256	32

2557	JDw	to		greetings	compared	alternative	1330681330	Re: advice for contest entry	256	38

2562	JDw	to		winning	graphic	rainbow	1330682218	Re: advice for contest entry	256	40

2573	JDw	to		the	like	about	1330682412	Re: advice for contest entry	256	7

2551	JDw	to		wtf	confusing	interpret	1331053883	Re: advice for contest entry	256	52

2566	JDw	to		category	extremely	fee	1331060033	Re: advice for contest entry	256	25

2950	JDw	to		ran	breakfast	beforehand	1328645702	Ideas for Cartel's next meetup event: SEE+?	302	186

2957	JDw	to		damn	dedicated	secrets	1328689526	Re: Ideas for Cartel's next meetup event: SEE+?	302	96

2936	JDw	to		fields	kinds	scientists	1328689915	Re: Ideas for Cartel's next meetup event: SEE+?	302	67

2971	JDw	to		experienced	laptops	difficulty	1328696106	Re: Ideas for Cartel's next meetup event: SEE+?	302	121

2951	JDw	to		exception	immediately	listen	1328696760	Re: Ideas for Cartel's next meetup event: SEE+?	302	90

2938	JDw	to					1328696798	Re: Ideas for Cartel's next meetup event: SEE+?	302	0

2967	JDw	to		proposed	googlegroups	oggetto	1328830708	Re: Ideas for Cartel's next meetup event: SEE+?	302	65

2941	JDw	to		controversial	descriptions	moderator	1329128501	Re: Ideas for Cartel's next meetup event: SEE+?	302	135

2960	JDw	to		any	far	later	1329128631	Re: Ideas for Cartel's next meetup event: SEE+?	302	15

2933	JDw	to		cross	disciplines	favor	1329260622	Re: Ideas for Cartel's next meetup event: SEE+?	302	34

2945	JDw	to		favor	medicine	biology	1329261464	Re: Ideas for Cartel's next meetup event: SEE+?	302	69

2937	JDw	to		exploring	standards	summary	1329294694	Re: Ideas for Cartel's next meetup event: SEE+?	302	91

2948	JDw	to		exploring	standards	summary	1330282914	Re: Ideas for Cartel's next meetup event: SEE+?	302	114

2968	JDw	to		for	going	information	1330282967	Re: Ideas for Cartel's next meetup event: SEE+?	302	9

2979	JDw	to		there	would	get	1330283203	Re: Ideas for Cartel's next meetup event: SEE+?	302	11

2963	JDw	to		too			1330283650	Re: Ideas for Cartel's next meetup event: SEE+?	302	1

2935	JDw	to		mobile	too	moritz	1330287422	Re: Ideas for Cartel's next meetup event: SEE+?	302	13

2977	JDw	to		like	then	any	1330288059	Re: Ideas for Cartel's next meetup event: SEE+?	302	13

2956	JDw	to		with	going	most	1330288249	Re: Ideas for Cartel's next meetup event: SEE+?	302	9

2959	JDw	to		day	unfortunately	complete	1330289085	Re: Ideas for Cartel's next meetup event: SEE+?	302	18

2976	JDw	to		lack	define	pull	1330360131	Re: Ideas for Cartel's next meetup event: SEE+?	302	109

2932	JDw	to		enjoy	behind	program	1330361378	Re: Ideas for Cartel's next meetup event: SEE+?	302	30

2952	JDw	to		quite	little	damm	1330365945	Re: Ideas for Cartel's next meetup event: SEE+?	302	26

2934	JDw	to		imagine	friday	workshop	1330553017	Re: Ideas for Cartel's next meetup event: SEE+?	302	33

2969	JDw	to		line	website	says	1330553399	Re: Ideas for Cartel's next meetup event: SEE+?	302	24

2974	JDw	to		scene	presenters	organizers	1330974927	Re: Ideas for Cartel's next meetup event: SEE+?	302	124

2953	JDw	to		presenters	webpage	respective	1330979273	Re: Ideas for Cartel's next meetup event: SEE+?	302	164

2942	JDw	to		publicly	altogether	webpage	1330979731	Re: Ideas for Cartel's next meetup event: SEE+?	302	74

2949	JDw	to		jumped	pity	suspicious	1330981004	Re: Ideas for Cartel's next meetup event: SEE+?	302	95

4824	JDw	to		project	cartel	kind	1331031761	Introducing Kartograph	302	16

4826	JDw	to		detailed	samples	developer	1331032132	Re: Introducing Kartograph	302	84

4825	JDw	to		measures	sourced	forecasts	1331032946	Re: Introducing Kartograph	302	148

4822	JDw	to					1331034200	Re: Introducing Kartograph	302	0

4827	JDw	to		this	was	one	1331034311	Re: Introducing Kartograph	302	12

4828	JDw	to		same	down	goes	1331116427	Re: Introducing Kartograph	302	18

5035	JDw	to		cheers	paolo	seriously	1331289137	Data and People	302	4

2981	JDw	to		responded	alas	yannick	1331804846	Re: Ideas for Cartel's next meetup event: SEE+?	302	142

2946	JDw	to		etc	has	cheers	1331805487	Re: Ideas for Cartel's next meetup event: SEE+?	302	12

2980	JDw	to		perhaps	run	ticket	1331805611	Re: Ideas for Cartel's next meetup event: SEE+?	302	43

2961	JDw	to		early	called	invite	1331813997	Re: Ideas for Cartel's next meetup event: SEE+?	302	31

2966	JDw	to		saturday	speaker	participants	1331836410	Re: Ideas for Cartel's next meetup event: SEE+?	302	71

2943	JDw	to		forward	gregor	although	1331836794	Re: Ideas for Cartel's next meetup event: SEE+?	302	25

2944	JDw	to		now	book	still	1331900077	Re: Ideas for Cartel's next meetup event: SEE+?	302	14

2973	JDw	to		hope	certainly		1331900133	Re: Ideas for Cartel's next meetup event: SEE+?	302	2

2970	JDw	to		friday	hotel	sunday	1331902352	Re: Ideas for Cartel's next meetup event: SEE+?	302	15

2964	JDw	to		damm	eickedorfer	lilienthal	1331971039	Re: Ideas for Cartel's next meetup event: SEE+?	302	26

2954	JDw	to		eickedorfer	lilienthal	grüße	1331971862	Re: Ideas for Cartel's next meetup event: SEE+?	302	27

2940	JDw	to		decide	saturday	knowing	1335173325	Re: Ideas for Cartel's next meetup event: SEE+?	302	49

2962	JDw	to		will	about	think	1335173391	Re: Ideas for Cartel's next meetup event: SEE+?	302	6

2955	JDw	to		around	arrive		1335211384	Re: Ideas for Cartel's next meetup event: SEE+?	302	2

2965	JDw	to		gregor	plans	whatever	1335213431	Re: Ideas for Cartel's next meetup event: SEE+?	302	21

2931	JDw	to		jealous	awolfromcartel	missingout	1335213591	Re: Ideas for Cartel's next meetup event: SEE+?	302	3

2972	JDw	to					1335214826	Re: Ideas for Cartel's next meetup event: SEE+?	302	0

2939	JDw	to		mine	present	see+	1335256094	Re: Ideas for Cartel's next meetup event: SEE+?	302	54

2958	JDw	to		you	see	great	1335256723	Re: Ideas for Cartel's next meetup event: SEE+?	302	9

2975	JDw	to		image	[image	inline	1335258532	Re: Ideas for Cartel's next meetup event: SEE+?	302	3

2947	JDw	to					1335258663	Re: Ideas for Cartel's next meetup event: SEE+?	302	0

2978	JDw	to		wiederkehr	user	production	1335272918	Re: Ideas for Cartel's next meetup event: SEE+?	302	20

3458	JDw	to		odd	episode	italian	1329260224	Announcing Data Stories Podcast	363	143

3462	JDw	to		bertini	usually	hearing	1329294444	Re: Announcing Data Stories Podcast	363	38

3455	JDw	to		interactivethings	founding	zürich	1329295487	Re: Announcing Data Stories Podcast	363	64

3459	JDw	to		andrew	sort	whether	1329299346	Re: Announcing Data Stories Podcast	363	29

3457	JDw	to		every	weeks	terms	1329301251	Re: Announcing Data Stories Podcast	363	29

3461	JDw	to		list	willem	already	1329301329	Re: Announcing Data Stories Podcast	363	19

3453	JDw	to		listen	screencast	catchy	1329301789	Re: Announcing Data Stories Podcast	363	223

3451	JDw	to		catchy	enhanced	guided	1329302397	Re: Announcing Data Stories Podcast	363	216

3452	JDw	to		caps	itunes	bother	1329303422	Re: Announcing Data Stories Podcast	363	141

3450	JDw	to		something	too	working	1329306406	Re: Announcing Data Stories Podcast	363	15

3454	JDw	to		ended	animated	finishing	1329308980	Re: Announcing Data Stories Podcast	363	44

3456	JDw	to		best	thanks	way	1329571744	Re: Announcing Data Stories Podcast	363	17

3460	JDw	to		work	people	twitter	1329573247	Re: Announcing Data Stories Podcast	363	14

3570	JDw	to		unhappy	barrier	goods	1329397871	news & stuff	377	327

2569	JDw	to		than	did	into	1330647344	Re: advice for contest entry	496	23

2568	JDw	to		because	guys	thing	1330647507	Re: advice for contest entry	496	17

4720	JDw	to		summit	[even	cycles	1330948500	Showcasing your work in my Malofiej prez!	511	480

4721	JDw	to		typical	sneak	titled	1330952642	Re: Showcasing your work in my Malofiej prez!	511	115

4723	JDw	to		option	indeed	beyond	1330953500	Re: Showcasing your work in my Malofiej prez!	511	26

4727	JDw	to		outcomes	wild	labeling	1330953831	Re: Showcasing your work in my Malofiej prez!	511	99

4726	JDw	to		some	great	non	1330961945	Re: Showcasing your work in my Malofiej prez!	511	16

4724	JDw	to		sure	jan	willem	1330969163	Re: Showcasing your work in my Malofiej prez!	511	18

4728	JDw	to		flies	pamplona	dedicate	1330973133	Re: Showcasing your work in my Malofiej prez!	511	295

4725	JDw	to		lilienthal	grüße	won	1330973572	Re: Showcasing your work in my Malofiej prez!	511	37

4722	JDw	to		context	absolutely	clearly	1330974098	Re: Showcasing your work in my Malofiej prez!	511	30

4743	JDw	to		grüße	anything	makes	1330952782	Evaluation and quality of data visualizations	514	39

4752	JDw	to		fulfilling	measurable	achieving	1330960966	Re: Evaluation and quality of data visualizations	514	108

4744	JDw	to		proper	necessarily	effective	1330961609	Re: Evaluation and quality of data visualizations	514	76

4749	JDw	to		mobile	moritz	stefaner	1330962617	Re: Evaluation and quality of data visualizations	514	14

4737	JDw	to		pragmatic	shock	tenets	1330962811	Re: Evaluation and quality of data visualizations	514	106

4750	JDw	to		materials	memory	improved	1330963194	Re: Evaluation and quality of data visualizations	514	62

4740	JDw	to		notch	resounding	studying	1330969128	Re: Evaluation and quality of data visualizations	514	172

4738	JDw	to		guess	freelance	thoughts	1330969695	Re: Evaluation and quality of data visualizations	514	20

4748	JDw	to		group	post	doesn	1330970114	Re: Evaluation and quality of data visualizations	514	19

4735	JDw	to		airplanes	buildings	designs	1330974286	Re: Evaluation and quality of data visualizations	514	173

4736	JDw	to		cultural	andykirk	googlegroups	1330974316	Re: Evaluation and quality of data visualizations	514	101

4753	JDw	to		lilienthal	points	excellent	1330976598	Re: Evaluation and quality of data visualizations	514	34

4746	JDw	to		extend	divide	shift	1330977002	Re: Evaluation and quality of data visualizations	514	76

4754	JDw	to		explanation	activity	engineering	1330977624	Re: Evaluation and quality of data visualizations	514	88

4745	JDw	to		capture	entertainment	tries	1330978007	Re: Evaluation and quality of data visualizations	514	119

4741	JDw	to		analytical	entertaining	gonna	1330979230	Re: Evaluation and quality of data visualizations	514	107

4756	JDw	to		developments	solving	parallel	1330980114	Re: Evaluation and quality of data visualizations	514	78

4751	JDw	to		becomes	somehow	evaluate	1330980703	Re: Evaluation and quality of data visualizations	514	47

4747	JDw	to		practice	daily	correctly	1330981322	Re: Evaluation and quality of data visualizations	514	53

4755	JDw	to		roundtable	seiner	technics	1331020320	Re: Evaluation and quality of data visualizations	514	367

4739	JDw	to		evaluated	infinitely	profession	1331029597	Re: Evaluation and quality of data visualizations	514	152

4742	JDw	to		grundlagen	interpretable	intuitively	1331544546	Re: Evaluation and quality of data visualizations	514	190

4948	JDw	to		loved	thorp	computers	1331156769	Putting Data in a Human Context	532	88

4947	JDw	to		gig	excitement	react	1331202114	Re: Putting Data in a Human Context	532	124

4946	JDw	to		mental	prototypes	reaching	1331234689	Re: Putting Data in a Human Context	532	166

4950	JDw	to		tower	whys	abused	1331302613	Re: Putting Data in a Human Context	539	455

4949	JDw	to		seem	description	computer	1331320356	Re: Putting Data in a Human Context	539	27

4951	JDw	to		literally	alle	ore	1331333808	Re: Putting Data in a Human Context	539	52

5196	JDw	to		showcase	spatial	thorough	1331582341	book on network visualization?	549	82

5197	JDw	to		network	theory	sections	1331587691	Re: book on network visualization?	549	35

5200	JDw	to		were	book	else	1331588252	Re: book on network visualization?	549	19

5199	JDw	to		eickedorfer	lilienthal	grüße	1331590218	Re: book on network visualization?	549	30

5198	JDw	to		books	except	follow	1331590715	Re: book on network visualization?	549	36

5325	JDw	to		highlight	diagram	print	1331728660	alternatives for flow diagrams?	560	68

5323	JDw	to		inspiration	sections	alternatives	1331754469	Re: alternatives for flow diagrams?	560	95

5324	JDw	to		data	some	just	1331759621	Re: alternatives for flow diagrams?	560	14

5856	JDw	to		attentive	equations	impressing	1332337242	Help on "selling" vis to scientists	619	183

5852	JDw	to		michelle	sudden	borkin	1332340073	Re: Help on "selling" vis to scientists	619	107

5851	JDw	to		can	jerome	things	1332340792	Re: Help on "selling" vis to scientists	619	14

5853	JDw	to		sudden	borkin	evident	1332341632	Re: Help on "selling" vis to scientists	619	107

5854	JDw	to		visualization	jan	willem	1332344732	Re: Help on "selling" vis to scientists	619	18

5855	JDw	to		michelle	persons	figures	1332346594	Re: Help on "selling" vis to scientists	619	83

5868	JDw	to		said	far	given	1332344907	visweek 2012	622	30

6136	JDw	to		tips	task	offered	1332767434	teaching	643	77

6134	JDw	to		from	want	going	1332767661	Re: teaching	643	17

6140	JDw	to					1332767985	Re: teaching	643	0

6133	JDw	to		skype	start	anyway	1332768179	Re: teaching	643	21

6135	JDw	to		what	time	best	1332768410	Re: teaching	643	14

6138	JDw	to		get	need	back	1332768602	Re: teaching	643	14

6141	JDw	to		time	how	next	1332835487	Re: teaching	643	12

6139	JDw	to		fall	tip	constructive	1332860098	Re: teaching	643	68

6137	JDw	to		sounds	instance	science	1332928149	Re: teaching	643	19

6142	JDw	to		process	agree	amount	1332932618	Re: teaching	643	31

6345	JDw	to		freiestrasse	stage	speakers	1332873334	Speaker for SEE	690	53

6343	JDw	to		that	for	more	1332874274	Re: Speaker for SEE	690	10

6341	JDw	to		fully	middle	none	1332874917	Re: Speaker for SEE	690	84

6336	JDw	to		willem	talk	tulp	1332877593	Re: Speaker for SEE	690	16

6339	JDw	to		there	then	again	1332877738	Re: Speaker for SEE	690	12

6344	JDw	to		information	jan	willem	1332877912	Re: Speaker for SEE	690	14

6340	JDw	to		being	rest	imo	1332878484	Re: Speaker for SEE	690	25

6337	JDw	to		winning	agency	award	1332878642	Re: Speaker for SEE	690	51

6342	JDw	to					1332878756	Re: Speaker for SEE	690	0

6338	JDw	to		infrastructure	matching	cartodb	1332879062	Re: Speaker for SEE	690	34

6335	JDw	to		office	beste	germany	1332879909	Re: Speaker for SEE	690	16

6357	JDw	to		zwpamvua	zxjpaybmaxnozxi		1332881112	=?utf-8?B?QW50dy46IFNwZWFrZXIgZm9yIFNFRQ==	695	2

6356	JDw	to		moritz	then	stefaner	1332883284	Re: Antw.: Speaker for SEE	695	11

6354	JDw	to					1332883395	Re: Antw.: Speaker for SEE	695	0

6355	JDw	to		benjamin	ideas	production	1332886681	Re: Antw.: Speaker for SEE	695	32

6762	JDw	to		why	conference	tableau	1333457765	can't really say that out loud on twitter but	727	24

6761	JDw	to		attend	attending	conf	1333457950	Re: can't really say that out loud on twitter but	727	34

7323	JDw	to		visualizer	bring	groet	1334303209	European Science Foundation	771	40

7322	JDw	to		heard	looks	speak	1334303741	Re: European Science Foundation	771	36

7324	JDw	to		for	only	little	1334308703	Re: European Science Foundation	771	7

7355	JDw	to		contests	leads	colleagues	1334320376	</oecd>	775	139

7361	JDw	to		dealing	depth	extent	1334321878	Re: </oecd>	775	99

7371	JDw	to					1334323577	Re: </oecd>	775	0

7357	JDw	to		opportunities	honest	ahead	1334332063	Re: </oecd>	775	34

7365	JDw	to		circuit	glass	loads	1334337625	Re: </oecd>	775	150

7372	JDw	to		germany	damm	eickedorfer	1334356465	Re: </oecd>	775	36

7363	JDw	to		decision	giorno	scritto	1334358288	Re: </oecd>	775	106

7369	JDw	to		wonder	academic	step	1334412113	Re: </oecd>	775	50

7359	JDw	to		belgium	dinosaurs	foundation	1334518784	Re: </oecd>	775	119

7366	JDw	to		almost	companies	jobs	1334525486	Re: </oecd>	775	29

7360	JDw	to		mean	difficult	students	1334526741	Re: </oecd>	775	28

7356	JDw	to		conditions	curious	kick	1342139257	Re: </oecd>	775	68

7373	JDw	to		worried	activities	elsewhere	1342164035	Re: </oecd>	775	208

7670	JDw	to		feltron	fernanda	salivate	1334749334	Vis superstars event at visweek 2012	815	168

7672	JDw	to		talented	carter	harris	1334752169	Re: Vis superstars event at visweek 2012	815	55

7669	JDw	to		motives	clarke	confession	1334755153	Re: Vis superstars event at visweek 2012	815	272

7664	JDw	to					1334755576	Re: Vis superstars event at visweek 2012	815	0

7671	JDw	to		work	thanks	sure	1334755876	Re: Vis superstars event at visweek 2012	815	12

7666	JDw	to					1334756042	Re: Vis superstars event at visweek 2012	815	0

7665	JDw	to		edge	converted	perceptual	1334756999	Re: Vis superstars event at visweek 2012	815	40

7668	JDw	to		collecting	extreme	palettes	1334758061	Re: Vis superstars event at visweek 2012	815	105

7673	JDw	to		successful	stands	entrance	1334760049	Re: Vis superstars event at visweek 2012	815	124

7674	JDw	to		considering	focus	count	1334781480	Re: Vis superstars event at visweek 2012	815	55

7667	JDw	to		smart	peter	hans	1334824635	Re: Vis superstars event at visweek 2012	815	64

7867	JDw	to		answer	reading	consider	1334959160	Fwd: enter Information is Beautiful Awards?	836	41

7851	JDw	to		infographic	mentions	awards	1334959315	Re: Fwd: enter Information is Beautiful Awards?	836	63

7854	JDw	to		you	are	something	1335006696	Re: enter Information is Beautiful Awards?	836	5

7847	JDw	to		you	that	will	1335007888	Re: enter Information is Beautiful Awards?	836	8

7849	JDw	to		after	never	ever	1335008094	Re: enter Information is Beautiful Awards?	836	12

7856	JDw	to		but	time	thinking	1335008685	Re: enter Information is Beautiful Awards?	836	18

7848	JDw	to		community	reason	marketing	1335015816	Re: enter Information is Beautiful Awards?	836	19

7850	JDw	to		far	mean	invite	1335017559	Re: enter Information is Beautiful Awards?	836	29

7852	JDw	to		not	visualization	regards	1335025898	Re: enter Information is Beautiful Awards?	836	15

7855	JDw	to		nevertheless	reward	antonelli	1335033221	Re: enter Information is Beautiful Awards?	836	76

7858	JDw	to		yeah	says	terms	1335034334	Re: enter Information is Beautiful Awards?	836	51

7857	JDw	to		that	from	some	1335034929	Re: enter Information is Beautiful Awards?	836	11

7859	JDw	to		awards	considered	closer	1335034933	Re: enter Information is Beautiful Awards?	836	72

7863	JDw	to		from	was	yes	1335035146	Re: enter Information is Beautiful Awards?	836	8

7860	JDw	to		awards	themselves	argument	1335035189	Re: enter Information is Beautiful Awards?	836	84

7862	JDw	to		that	really	great	1335035287	Re: enter Information is Beautiful Awards?	836	5

7864	JDw	to		missed	join	willing	1335036014	Re: enter Information is Beautiful Awards?	836	57

7865	JDw	to		someone	sounds	kids	1335036216	Re: enter Information is Beautiful Awards?	836	28

7866	JDw	to		then	take	look	1335037330	Re: enter Information is Beautiful Awards?	836	6

7853	JDw	to		raising	talent	vast	1335041043	Re: enter Information is Beautiful Awards?	836	92

7861	JDw	to		faked	flooded	intents	1335126966	Re: enter Information is Beautiful Awards?	836	294

8132	JDw	to		request	stephen	numbers	1335360360	I felt a great disturbance in the Force	865	64

8157	JDw	to		visualizer	groet	hartelijke	1335375334	Shorts!	872	33

8177	JDw	to		joining	approaching	anita	1335388034	Cartel Dinner on Saturday	873	134

8170	JDw	to		sounds	large	coming	1335388445	Re: Cartel Dinner on Saturday	873	37

8167	JDw	to		booked	saturday	cup	1335390094	Re: Cartel Dinner on Saturday	873	63

8169	JDw	to		energy	pity	counting	1335391293	Re: Cartel Dinner on Saturday	873	144

8171	JDw	to		next	soon	forward	1335392832	Re: Cartel Dinner on Saturday	873	33

8168	JDw	to		according	speakers	discuss	1335419622	Re: Cartel Dinner on Saturday	873	24

8176	JDw	to		quite	down	andrew	1335422036	Re: Cartel Dinner on Saturday	873	18

8174	JDw	to		rules	dinner	necessary	1335423249	Re: Cartel Dinner on Saturday	873	63

8172	JDw	to		said	others	along	1335424280	Re: Cartel Dinner on Saturday	873	16

8175	JDw	to		rule	rules	harm	1335434641	Re: Cartel Dinner on Saturday	873	58

8173	JDw	to		lazy	bros	distractions	1335446963	Re: Cartel Dinner on Saturday	873	74

8258	JDw	to		drive	advanced	participants	1335461920	Selected Tools Preview	884	96

8257	JDw	to		data	new	quite	1335462482	Re: Selected Tools Preview	884	7

8253	JDw	to		visualizer	isn	groet	1335462823	Re: Selected Tools Preview	884	30

8256	JDw	to		for	paper		1335463467	Re: Selected Tools Preview	884	2

8259	JDw	to		stuff	beste	germany	1335463888	Re: Selected Tools Preview	884	23

8254	JDw	to		excellent	stefaner	freelance	1335464035	Re: Selected Tools Preview	884	44

8251	JDw	to		freelance	visualizer	groet	1335464163	Re: Selected Tools Preview	884	69

8255	JDw	to		block	likes	belongs	1335464983	Re: Selected Tools Preview	884	47

8252	JDw	to		adobe	extending	irene	1335465654	Re: Selected Tools Preview	884	98

8329	JDw	to					1335552884	=?utf-8?B?RW5yaWNvIHdoZXJlIGFyZSB5b3U/	891	0

8331	JDw	to		moritz	make	stefaner	1335552982	Re: Enrico where are you?	891	7

8332	JDw	to		are	well	hello	1335553575	Re: Enrico where are you?	891	13

8330	JDw	to		finding	adding	worries	1335558812	Re: Enrico where are you?	891	57

8664	JDw	to		densitydesign	milano	finalize	1336037854	Workshop	891	99

8665	JDw	to		densitydesign	milano	finalize	1336037909	Re: Workshop	891	112

8661	JDw	to		politecnico	didactical	densitydesign	1337291047	Re: Workshop	891	173

8663	JDw	to		separate	ahead	differences	1337601222	Re: Workshop	891	108

8662	JDw	to		ahead	differences	cultural	1337603614	Re: Workshop	891	119

8559	JDw	to		bragging	contributor	exhibitions	1335942060	Map of Khan academy videos	920	72

8564	JDw	to		katy	board	define	1335942435	Re: Map of Khan academy videos	920	52

8566	JDw	to		moritz	stefaner	office	1335942698	Re: Map of Khan academy videos	920	13

8560	JDw	to		out			1335942783	Re: Map of Khan academy videos	920	1

8563	JDw	to		contributor	exhibitions	noted	1335943387	Re: Map of Khan academy videos	920	98

8565	JDw	to		money	spent	designer	1335947080	Re: Map of Khan academy videos	920	30

8562	JDw	to		weeks	seems	however	1335955364	Re: Map of Khan academy videos	920	23

8561	JDw	to		anyway	months	opportunity	1335963938	Re: Map of Khan academy videos	920	16

8688	JDw	to		geographical	hexagon	bins	1336051151	Heterogeneity Maps	938	216

8687	JDw	to		along	partner	interactivethings	1336151283	Re: Heterogeneity Maps	938	47

8683	JDw	to		thanks	sure	yes	1336158901	Re: Heterogeneity Maps	938	12

8689	JDw	to		this	which	jan	1336165031	Re: Heterogeneity Maps	938	7

8685	JDw	to		cool	case	main	1336165721	Re: Heterogeneity Maps	938	23

8682	JDw	to		give	willem	understand	1336205449	Re: Heterogeneity Maps	938	19

8684	JDw	to		those	each	different	1336222291	Re: Heterogeneity Maps	938	19

8680	JDw	to		imagery	indicating	recognizable	1336224481	Re: Heterogeneity Maps	938	159

8681	JDw	to		novel	ordered	artifacts	1336236819	Re: Heterogeneity Maps	938	110

8691	JDw	to		squares	string	dot	1336411576	Re: Heterogeneity Maps	938	100

8690	JDw	to		dots	advantage	raw	1336549793	Re: Heterogeneity Maps	938	70

8686	JDw	to		not	about	how	1336736146	Re: Heterogeneity Maps	938	12

8818	JDw	to		writing	york	dear	1336170901	Greetings from New York	948	21

8812	JDw	to		what	time	been	1336191755	Re: Greetings from New York	948	12

8811	JDw	to		her	object	guess	1336198256	Re: Greetings from New York	948	18

8809	JDw	to		freelance	tulp	visualizer	1336200696	Re: Greetings from New York	948	30

8813	JDw	to		jan	interactive	willem	1336200724	Re: Greetings from New York	948	20

8808	JDw	to		rather	andrew	leave	1336205570	Re: Greetings from New York	948	13

8820	JDw	to		sitting	alle	ore	1336206577	Re: Greetings from New York	948	28

8817	JDw	to		enrico	cool	york	1336222524	Re: Greetings from New York	948	20

8819	JDw	to		washington	wait	offer	1336222924	Re: Greetings from New York	948	45

8815	JDw	to		days	soon	sounds	1336224800	Re: Greetings from New York	948	21

8807	JDw	to		honor	steak	awake	1336225657	Re: Greetings from New York	948	137

8816	JDw	to		are	gregor	order	1336234463	Re: Greetings from New York	948	4

8810	JDw	to		washington	sort	york	1336237287	Re: Greetings from New York	948	55

8814	JDw	to					1336452283	Re: Greetings from New York	948	0

9023	JDw	to		delviz	fellows	interconnections	1336497753	Visualization taxonomy	963	138

9024	JDw	to		land	leads	expecting	1336499003	Re: Visualization taxonomy	963	56

9028	JDw	to		same	already	him	1336502993	Re: Visualization taxonomy	963	15

9027	JDw	to		eickedorfer	lilienthal	grüße	1336544942	Re: Visualization taxonomy	963	25

9025	JDw	to		one	best	find	1336548421	Re: Visualization taxonomy	963	14

9026	JDw	to		lead	partner	interactivethings	1336579037	Re: Visualization taxonomy	963	40

9022	JDw	to		belong	novice	productivity	1336580011	Re: Visualization taxonomy	963	157

9227	JDw	to		exceptionally	fool	gifted	1336734210	Updates on NYTimes	992	236

9224	JDw	to		freelance	lead	position	1336734666	Re: Updates on NYTimes	992	21

9225	JDw	to		like	some	jerome	1336734822	Re: Updates on NYTimes	992	14

9228	JDw	to		proud	talent	amanda	1336735298	Re: Updates on NYTimes	992	78

9226	JDw	to		your	also	andy	1336735402	Re: Updates on NYTimes	992	11

9223	JDw	to		need	week	after	1336735660	Re: Updates on NYTimes	992	17

9229	JDw	to		lilienthal	grüße	stay	1336736255	Re: Updates on NYTimes	992	41

9230	JDw	to		wise	benji	guardian	1336750503	Re: Updates on NYTimes	992	84

9877	JDw	to		ticket	reference	states	1337763040	Eyeo Ticket for Sale	1073	79

9876	JDw	to		really	out	too	1337764209	Re: Eyeo Ticket for Sale	1073	12

9878	JDw	to		the	well	going	1337764733	Re: Eyeo Ticket for Sale	1073	8

9875	JDw	to		hope	stefaner	office	1337803483	Re: Eyeo Ticket for Sale	1073	19

9957	JDw	to		have	time	message	1337788994	Fwd: query?	1078	7

9958	JDw	to		but	time	has	1337804647	Re: query?	1078	12

9959	JDw	to		moment	might	details	1337810493	Re: query?	1078	21

9956	JDw	to		office	beste	germany	1337845882	Re: query?	1078	23

9967	JDw	to		hobby	visitors	websites	1337806278	commercial advice	1085	372

9965	JDw	to					1337807729	Re: commercial advice	1085	0

9966	JDw	to		alternative	turned	netherlands	1337810337	Re: commercial advice	1085	49

9968	JDw	to		said	money	deal	1337814096	Re: commercial advice	1085	34

9969	JDw	to		beach	holiday	stated	1337837738	Re: commercial advice	1085	152

10234	JDw	to		take	questions	jeff	1338105534	Interview to Jeff Heer	1110	25

10238	JDw	to		food	stanford	theme	1338192646	Re: Interview to Jeff Heer	1110	44

10237	JDw	to		understandable	appeal	dry	1338202170	Re: Interview to Jeff Heer	1110	287

10235	JDw	to		focus	opportunities	importance	1338223579	Re: Interview to Jeff Heer	1110	76

10236	JDw	to		companies	thoughts	favorite	1338279938	Re: Interview to Jeff Heer	1110	48

10836	JDw	to		heer	expect	session	1338901794	no reason to miss visweek	1186	69

10834	JDw	to		but	really	yet	1338902683	Re: no reason to miss visweek	1186	12

10833	JDw	to		shall	sessions	jump	1338905470	Re: no reason to miss visweek	1186	28

10837	JDw	to		rees	arranged	idk	1338908966	Re: no reason to miss visweek	1186	58

10835	JDw	to		rest	fit	fantastic	1338972851	Re: no reason to miss visweek	1186	64

11272	JDw	to		experiments	wattenberg	highlights	1339493566	Back from eyeo	1217	116

11269	JDw	to		heard	happen	month	1339493867	Re: Back from eyeo	1217	27

11271	JDw	to		wise	areas	pure	1339494119	Re: Back from eyeo	1217	76

11267	JDw	to		hear	agree	mike	1339500680	Re: Back from eyeo	1217	31

11270	JDw	to		beste	germany	damm	1339500760	Re: Back from eyeo	1217	22

11268	JDw	to		good	back	talk	1339504212	Re: Back from eyeo	1217	15

11273	JDw	to		totally	location	knows	1339504898	Re: Back from eyeo	1217	50

11276	JDw	to		smart	wise	sweet	1339493843	Suggestions	1218	67

11284	JDw	to		happy	different	put	1339493988	Re: Suggestions	1218	22

11278	JDw	to		next	cartel	jan	1339500504	Re: Suggestions	1218	20

11280	JDw	to		feeling	become	seriously	1339513597	Re: Suggestions	1218	67

11281	JDw	to		eyeo	given	perhaps	1339513783	Re: Suggestions	1218	29

11274	JDw	to		possibilities	whenever	grow	1339517451	Re: Suggestions	1218	93

11279	JDw	to		adding	effect	truly	1339522255	Re: Suggestions	1218	78

11283	JDw	to		beste	germany	damm	1339522603	Re: Suggestions	1218	18

11275	JDw	to		south	africa		1339522850	Re: Suggestions	1218	2

11282	JDw	to		want	going	did	1339688500	Re: Suggestions	1218	17

11285	JDw	to		stefpos	passing	immediately	1339696111	Re: Suggestions	1218	49

11277	JDw	to		suggestion	society	wondered	1339863784	Re: Suggestions	1218	42

11299	JDw	to		find	may	cartel	1339501068	Fwd: Request for being the technical reviewer of a book on Data visualization	1223	16

11301	JDw	to		you	that	all	1339502110	Re: Request for being the technical reviewer of a book on Data visualization	1223	10

11297	JDw	to		got	same	lot	1339503118	Re: Request for being the technical reviewer of a book on Data visualization	1223	18

11304	JDw	to		and	the	for	1339503351	Re: Request for being the technical reviewer of a book on Data visualization	1223	11

11305	JDw	to		you	some	about	1339503377	Re: Request for being the technical reviewer of a book on Data visualization	1223	7

11295	JDw	to		beste	germany	yet	1339503952	Re: Request for being the technical reviewer of a book on Data visualization	1223	20

11302	JDw	to		interesting	stefaner	office	1339503996	Re: Request for being the technical reviewer of a book on Data visualization	1223	18

11298	JDw	to		one	time	who	1339504116	Re: Request for being the technical reviewer of a book on Data visualization	1223	11

11303	JDw	to		they	now	get	1339504144	Re: Request for being the technical reviewer of a book on Data visualization	1223	9

11296	JDw	to		finalised	jeromes	monochrome	1339506578	Re: Request for being the technical reviewer of a book on Data visualization	1223	604

11300	JDw	to		phone	read	send	1339507026	Re: Request for being the technical reviewer of a book on Data visualization	1223	21

11294	JDw	to		damm	eickedorfer	lilienthal	1339581434	Re: Request for being the technical reviewer of a book on Data visualization	1223	31

11360	JDw	to		appreciated	brilliant	boring	1339528790	New project: Tyne	1231	40

11359	JDw	to		attracted	attractors	lighter	1339543526	Re: New project: Tyne	1231	248

11361	JDw	to		literal	magnets	nitrates	1339575023	Re: New project: Tyne	1231	326

11368	JDw	to		unfortunately	potential	interest	1339531680	Fwd: Data visualisation commission	1233	38

11365	JDw	to		sharing	successful	capacity	1339531867	Re: Fwd: Data visualisation commission	1233	77

11367	JDw	to		lead	currently	along	1339540383	Re: Data visualisation commission	1233	32

11366	JDw	to		working	guys	maybe	1339604875	Re: Data visualisation commission	1233	27

11358	JDw	to		great	things	few	1339577207	Fwd: New project: Tyne	1234	16

11553	JDw	to		channels	leverage	nyu	1339688126	A new professor in the cartel!	1259	229

11557	JDw	to		moritz	stefaner	beste	1339693527	Re: A new professor in the cartel!	1259	6

11558	JDw	to		production	lead	congrats	1339694504	Re: A new professor in the cartel!	1259	32

11550	JDw	to		you	this	super	1339696110	Re: A new professor in the cartel!	1259	7

11551	JDw	to		news	europe	gregor	1339699369	Re: A new professor in the cartel!	1259	32

11556	JDw	to		challenging	bill	tends	1339702286	Re: A new professor in the cartel!	1259	62

11554	JDw	to		news	viz	nyc	1339711581	Re: A new professor in the cartel!	1259	28

11552	JDw	to		shit	andykirk	settle	1339712197	Re: A new professor in the cartel!	1259	92

11555	JDw	to		that	enrico	amazing	1339741820	Re: A new professor in the cartel!	1259	5

11549	JDw	to		for	your	thanks	1340014091	Re: A new professor in the cartel!	1259	8

11736	JDw	to		the	for	issue	1339938854	Posavec	1273	9

11716	JDw	to		subject	love	folks	1340017410	Fwd: Re: Invitation to join the Data Visualization Cartel	1278	18

11718	JDw	from		inviting	subtle	mistaken	1340019209	Re: Re: Invitation to join the Data Visualization Cartel	1278	95

11727	JDw	to		board	town	official	1340020188	Re: Invitation to join the Data Visualization Cartel	1278	33

11725	JDw	to		enough	fun	high	1340020502	Re: Invitation to join the Data Visualization Cartel	1278	33

11719	JDw	to		the	you	top	1340020741	Re: Invitation to join the Data Visualization Cartel	1278	8

11715	JDw	to		are	from	how	1340020949	Re: Invitation to join the Data Visualization Cartel	1278	13

11722	JDw	to		such	tutorial	hand	1340021067	Re: Invitation to join the Data Visualization Cartel	1278	17

11724	JDw	to		move	hand	quick	1340041519	Re: Invitation to join the Data Visualization Cartel	1278	37

11721	JDw	to		can	also	moritz	1340041579	Re: Invitation to join the Data Visualization Cartel	1278	12

11723	JDw	to		partner	interactivethings	founding	1340044647	Re: Invitation to join the Data Visualization Cartel	1278	31

11726	JDw	to		just	sent	enrico	1340358519	Re: Invitation to join the Data Visualization Cartel	1278	12

11717	JDw	to		good	when	cartel	1340359041	Re: Invitation to join the Data Visualization Cartel	1278	12

11840	JDw	to		phd	wise	presence	1340051039	Charge for training courses?	1289	80

11839	JDw	to		multiply	individuals	instructor	1340052640	Re: Charge for training courses?	1289	205

11846	JDw	to		number	days	training	1340053559	Re: Charge for training courses?	1289	18

11832	JDw	to		boy	googlegroups	oggetto	1340055545	Re: Charge for training courses?	1289	63

11848	JDw	to		some	just	out	1340058580	Re: Charge for training courses?	1289	15

11835	JDw	to		multiple	required	increase	1340091773	Re: Charge for training courses?	1289	79

11842	JDw	to		guess	updated	charge	1340097436	Re: Charge for training courses?	1289	63

11843	JDw	to		rate	compared	index	1340099448	Re: Charge for training courses?	1289	61

11841	JDw	to		rates	daily	jwt	1340103373	Re: Charge for training courses?	1289	117

11837	JDw	to		formulated	karlsruhe	momentum	1340108001	Re: Charge for training courses?	1289	532

11844	JDw	to		lilienthal	grüße	thinking	1340175758	Re: Charge for training courses?	1289	45

11834	JDw	to		helpful	giorno	scritto	1340181522	Re: Charge for training courses?	1289	69

11838	JDw	to		beste	another	germany	1340181858	Re: Charge for training courses?	1289	19

11847	JDw	to		here	sure	mind	1340182768	Re: Charge for training courses?	1289	15

11833	JDw	to		mostly	cost	aside	1340183396	Re: Charge for training courses?	1289	49

11836	JDw	to		content	visualizations	examples	1340185129	Re: Charge for training courses?	1289	20

11845	JDw	to		started	until	wouldn	1340185261	Re: Charge for training courses?	1289	22

12056	JDw	to		flying	gathering	inspired	1340280039	Cartel Meeting	1309	61

12057	JDw	to		that	great	idea	1340280146	Re: Cartel Meeting	1309	5

12049	JDw	to		idea	excellent		1340280305	Re: Cartel Meeting	1309	2

12061	JDw	to		rent	salivate	numerous	1340288944	Re: Cartel Meeting	1309	55

12052	JDw	to					1340289143	Re: Cartel Meeting	1309	0

12053	JDw	to		like	sounds	vacation	1340289351	Re: Cartel Meeting	1309	3

12059	JDw	to		eickedorfer	lilienthal	grüße	1340350523	Re: Cartel Meeting	1309	34

12060	JDw	to		lead	second	meet	1340351055	Re: Cartel Meeting	1309	42

12047	JDw	to		you	are	when	1340351264	Re: Cartel Meeting	1309	6

12055	JDw	to		start	check	family	1340351282	Re: Cartel Meeting	1309	18

12050	JDw	to		right	our	enrico	1340622089	Re: Cartel Meeting	1309	18

12051	JDw	to		miss	konstanz	trip	1340622374	Re: Cartel Meeting	1309	30

12048	JDw	to		you	that	have	1340645526	Re: Cartel Meeting	1309	8

12369	JDw	to		wow	choose	nyt	1340647307		1328	21

12372	JDw	to		eyeo	continue	festival	1340648081	Re:	1328	42

12371	JDw	to		source	development	far	1340649229	Re:	1328	19

12370	JDw	to		nyt	relevant	hierarchy	1340649579	Re:	1328	28

12412	JDw	to		this	one	see	1340699858	Fwd: Data Visualisation Commission	1335	10

12415	JDw	to		for	but	thanks	1340700055	Re: Data Visualisation Commission	1335	11

12410	JDw	to		engagement	packing	clark	1340700363	Re: Data Visualisation Commission	1335	67

12409	JDw	to		name	later	sort	1340700546	Re: Data Visualisation Commission	1335	41

12411	JDw	to		jeff	interested	reply	1340700764	Re: Data Visualisation Commission	1335	21

12433	JDw	to		santiago	stefanie	impressive	1340705375	Santiago is in!	1337	35

12436	JDw	to		the	someone	finally	1340706399	Re: Santiago is in!	1337	8

12437	JDw	to		eickedorfer	lilienthal	grüße	1340791850	Re: Santiago is in!	1337	36

12434	JDw	to		process	seems	second	1340794430	Re: Santiago is in!	1337	31

12435	JDw	to		you	have	really	1340802310	Re: Santiago is in!	1337	7

12432	JDw	to		gracias	guindilla	insomnic	1340814580	Re: Santiago is in!	1337	512

12438	JDw	to		five	recently	[image	1340817049	Re: Santiago is in!	1337	20

12491	JDw	to		pricing	recall	arrived	1340729074	A rival offering emerges!	1347	61

12492	JDw	to		the	this	one	1340742990	Re: A rival offering emerges!	1347	11

12488	JDw	to		imagine	came	london	1340743762	Re: A rival offering emerges!	1347	29

12493	JDw	to		germany	damm	eickedorfer	1340744033	Re: A rival offering emerges!	1347	25

12487	JDw	to		for	you	really	1340748147	Re: A rival offering emerges!	1349	12

12496	JDw	to		training	low	lower	1340781090	Re: A rival offering emerges!	1349	101

12494	JDw	to		variety	reluctant	rival	1340781568	Re: A rival offering emerges!	1349	102

12489	JDw	to		sorry	international	meeting	1340786312	Re: A rival offering emerges!	1349	62

12495	JDw	to		too	year	cartel	1340786497	Re: A rival offering emerges!	1349	17

12490	JDw	to		work	something	place	1340786509	Re: A rival offering emerges!	1349	17

12497	JDw	to		some	get	our	1340788096	Re: A rival offering emerges!	1349	11

12546	JDw	to		soccer	football	ongoing	1340781065	football & data	1351	174

12540	JDw	to		perception	licenses	rare	1340782183	Re: football & data	1351	73

12545	JDw	to		hashtags	sarcasm	unanimous	1340783122	Re: football & data	1351	149

12543	JDw	to		you	make	use	1340783234	Re: football & data	1351	6

12541	JDw	to		refine	classification	grammar	1340783994	Re: football & data	1351	57

12542	JDw	to		compete	alas	wizardry	1341306233	Re: football & data	1351	54

12544	JDw	to		previous	response	explore	1341307007	Re: football & data	1351	50

12716	JDw	to		books	result	yesterday	1340958189	books and stuff	1361	36

12711	JDw	to		which	very	all	1340958510	Re: books and stuff	1361	15

12718	JDw	to		geo	perspectives	confess	1340961216	Re: books and stuff	1361	113

12717	JDw	to		mining	slim	concise	1340961331	Re: books and stuff	1361	150

12712	JDw	to		cover	introduction	personally	1340961426	Re: books and stuff	1361	31

12713	JDw	to		see	kirk	late	1340961845	Re: books and stuff	1361	16

12715	JDw	to		and	that	there	1340968245	Re: books and stuff	1361	10

12714	JDw	to		nonetheless	basics	defining	1341140376	Re: books and stuff	1361	144

12910	JDw	to		awareness	criticize	intimidation	1341301460	The tightrope	1391	154

12909	JDw	to		crummy	crystallised	harmless	1341303664	Re: The tightrope	1391	364

12916	JDw	to		applauds	disagreed	esteem	1341304328	Re: The tightrope	1391	250

12911	JDw	to		ninth	pendulum	praised	1341304866	Re: The tightrope	1391	263

12907	JDw	to		tightrope	immerse	sea	1341305771	Re: The tightrope	1391	154

12913	JDw	to		reactions	coders	immersed	1341306983	Re: The tightrope	1391	91

12914	JDw	to		contestâ	crazyâ	depicted	1341324463	Re: The tightrope	1391	203

12906	JDw	to		both	content	published	1341328239	Re: The tightrope	1391	23

12917	JDw	to		sees	enterprise	proof	1341328624	Re: The tightrope	1391	80

12908	JDw	to		commenting	criticize	equation	1341569082	Re: The tightrope	1391	113

12912	JDw	to					1341570365	Re: The tightrope	1391	0

12915	JDw	to		mind	real	article	1341571774	Re: The tightrope	1391	20

12924	JDw	to		meyer	munzner	naomi	1341302455	Women in Infovis	1392	63

12927	JDw	to		andrea	ibm	joan	1341303536	Re: Women in Infovis	1392	43

12921	JDw	to		grüße	added	btw	1341303938	Re: Women in Infovis	1392	27

12925	JDw	to		crafting	escapes	fairfield	1341304316	Re: Women in Infovis	1392	140

12928	JDw	to		prominent	plaisant	professors	1341305029	Re: Women in Infovis	1392	29

12922	JDw	to		women	reports	awful	1341305589	Re: Women in Infovis	1392	56

12920	JDw	to		grüße	list	graphics	1341305827	Re: Women in Infovis	1392	35

12926	JDw	to		you	that	this	1341306286	Re: Women in Infovis	1392	9

12929	JDw	to		maps	katy	borner	1341382962	Re: Women in Infovis	1392	4

12933	JDw	to		her	office	beste	1341390154	Re: Women in Infovis	1392	20

12931	JDw	to		academia	isenberg	carpendale	1341394961	Re: Women in Infovis	1392	51

12923	JDw	to		speakers	somebody	github	1341405927	Re: Women in Infovis	1392	64

12932	JDw	to		make	such	making	1341407192	Re: Women in Infovis	1392	17

12930	JDw	to		problems	names	greetings	1341410550	Re: Women in Infovis	1392	17

12936	JDw	to		discussions	confidential	password	1341304897	practical question: confidential data	1393	54

12939	JDw	to		sensitive	extreme	guidance	1341305423	Re: practical question: confidential data	1393	78

12937	JDw	to		mac	ensure	safe	1341306897	Re: practical question: confidential data	1393	70

12938	JDw	to		necessary	drive	save	1341310506	Re: practical question: confidential data	1393	67

13037	JDw	to		jan	interactive	happy	1341405941	happy birthday	1404	15

13040	JDw	to					1341406026	Re: happy birthday	1404	0

13038	JDw	to		mobile	moritz	stefaner	1341406062	Re: happy birthday	1404	12

13036	JDw	to					1341410193	Re: happy birthday	1404	0

13035	JDw	to		bon	anniversaire		1341413045	Re: happy birthday	1404	2

13039	JDw	to		anniversaire	average	education	1341413474	Re: happy birthday	1404	34

13103	JDw	to		apply	buying	tickets	1341475487	VisWeek	1412	54

13102	JDw	to		association	offers	registered	1341476360	Re: VisWeek	1412	53

13214	JDw	to		japanese	limitations	photographers	1341559813	visualization royalties	1426	138

13220	JDw	to		you	with	could	1341562170	Re: visualization royalties	1426	10

13219	JDw	to		fixed	bag	shouldn	1341566650	Re: visualization royalties	1426	37

13212	JDw	to		bag	discount	exclusive	1341568275	Re: visualization royalties	1426	71

13216	JDw	to					1341568646	Re: visualization royalties	1426	0

13215	JDw	to		and	just	our	1341569483	Re: visualization royalties	1426	10

13213	JDw	to		this	all	very	1341569578	Re: visualization royalties	1426	5

13217	JDw	to		this	seems	yeah	1341570301	Re: visualization royalties	1426	8

13218	JDw	to		would	even	code	1341571404	Re: visualization royalties	1426	9

13247	JDw	to		cuisine	announcement	cooking	1341574446	Data cuisine	1431	65

13245	JDw	to		held	delegates	keen	1341579856	Re: Data cuisine	1431	47

13246	JDw	to		say	sounds	fun	1341580261	Re: Data cuisine	1431	25

13729	JDw	to		item	capital	stored	1342169872	Untitled spreadsheet (data-visualization-cartel@googlegroups.com)	1488	74

13730	JDw	to		challenge	oct	interaction	1342171149	Re: Untitled spreadsheet (data-visualization-cartel@googlegroups.com)	1488	36

13728	JDw	to		not	about	thanks	1342171707	Re: Untitled spreadsheet (data-visualization-cartel@googlegroups.com)	1488	14

13731	JDw	to		chance	event	plan	1342174226	Re: Untitled spreadsheet (data-visualization-cartel@googlegroups.com)	1488	29

13753	JDw	to		seeing	dates	fill	1342169889	meetup dates?	1489	63

13732	JDw	to		willem	haven	weekend	1342769293	Re: meetup dates?	1489	30

13748	JDw	to		will	now	sorry	1342770063	Re: meetup dates?	1489	3

13746	JDw	to		committed	extend	purely	1342770349	Re: meetup dates?	1489	49

13747	JDw	to		dates	ciuccarelli	berlin	1344439787	Re: meetup dates?	1489	45

13754	JDw	to		all	which	just	1344440079	Re: meetup dates?	1489	10

13735	JDw	to		exchange	guest	kindly	1344440300	Re: meetup dates?	1489	51

13749	JDw	to		all	get	let	1344440905	Re: meetup dates?	1489	7

13737	JDw	to		for	check	meeting	1344494986	Re: meetup dates?	1489	4

13755	JDw	to		met	andrew	however	1344497116	Re: meetup dates?	1489	25

13751	JDw	to		some	could	take	1344541673	Re: meetup dates?	1489	10

13733	JDw	to		let	yes	event	1344542288	Re: meetup dates?	1489	16

13734	JDw	to		germany	damm	eickedorfer	1344545508	Re: meetup dates?	1489	17

13740	JDw	to		about	know	don	1344545767	Re: meetup dates?	1489	11

13738	JDw	to		weeks	ago	impossible	1344550657	Re: meetup dates?	1489	31

13741	JDw	to		for	from	some	1344551475	Re: meetup dates?	1489	8

13736	JDw	to		there	benjamin		1344578504	Re: meetup dates?	1489	2

13750	JDw	to		the	and	benjamin	1344578577	Re: meetup dates?	1489	6

13744	JDw	to		that	moritz	our	1344805947	Re: meetup dates?	1489	10

13745	JDw	to		lilienthal	big	chance	1344806406	Re: meetup dates?	1489	30

13742	JDw	to		sheet	focused	giorno	1344836258	Re: meetup dates?	1489	74

13752	JDw	to		visualized	nyc	docs	1345455316	Re: meetup dates?	1489	44

13739	JDw	to		single	visualized	wonder	1345458446	Re: meetup dates?	1489	33

13743	JDw	to		andrew	kim	plans	1345462440	Re: meetup dates?	1489	25

14525	JDw	to		invited	costs	disappointed	1343155791	No NACIS/VisWeek for me	1607	69

14523	JDw	to		significant	west	principle	1343156283	Re: No NACIS/VisWeek for me	1607	64

14524	JDw	to		portland	weather	october	1343156932	Re: No NACIS/VisWeek for me	1607	60

14522	JDw	to		touch	bad	welcome	1343196255	Re: No NACIS/VisWeek for me	1607	27

14677	JDw	to		intense	curves	loading	1343315428	emoto online (but **shhh**)	1620	182

14672	JDw	to		very	well	done	1343315551	Re: emoto online (but **shhh**)	1620	4

14673	JDw	to		moritz	has	twitter	1343317330	Re: emoto online (but **shhh**)	1620	5

14676	JDw	to		stefaner	office	beste	1343317472	Re: emoto online (but **shhh**)	1620	16

14666	JDw	to		will	just	get	1343317902	Re: emoto online (but **shhh**)	1620	13

14681	JDw	to		damm	eickedorfer	lilienthal	1343318145	Re: emoto online (but **shhh**)	1620	23

14680	JDw	to		chrome	soft	identity	1343327241	Re: emoto online (but **shhh**)	1620	99

14670	JDw	to		bright	modern	streaming	1343327689	Re: emoto online (but **shhh**)	1620	153

14675	JDw	to					1343327728	Re: emoto online (but **shhh**)	1620	0

14683	JDw	to		happy	help	either	1343328045	Re: emoto online (but **shhh**)	1620	14

14671	JDw	to		eickedorfer	lilienthal	grüße	1343328207	Re: emoto online (but **shhh**)	1620	26

14678	JDw	to		hint	hashtags	jus	1343330846	Re: emoto online (but **shhh**)	1620	300

14667	JDw	to		emergent	fifa	inverted	1343331516	Re: emoto online (but **shhh**)	1620	469

14674	JDw	to		degree	topics	chrome	1343332662	Re: emoto online (but **shhh**)	1620	91

14682	JDw	to		mass	redis	balanced	1343332957	Re: emoto online (but **shhh**)	1620	144

14668	JDw	to		negative	suddenly	organized	1343424189	Re: emoto online (but **shhh**)	1620	81

14679	JDw	to		focusing	century	gold	1343425690	Re: emoto online (but **shhh**)	1620	33

14951	JDw	to		when	thanks	post	1343743640	Using Data Visualization to find Insights	1620	14

15059	JDw	to		southern	wiley	atrium	1343858207	Wiley	1663	144

15056	JDw	to		with	book	already	1343858429	Re: Wiley	1663	7

15055	JDw	to		months	books	kirk	1343858600	Re: Wiley	1663	29

15054	JDw	to		stefaner	mobile	moritz	1343858932	Re: Wiley	1663	12

15061	JDw	to		grüße	moritz	stefaner	1343886949	Re: Wiley	1663	38

15060	JDw	to		received	willem	freelance	1344034349	Re: Wiley	1663	65

15058	JDw	to		jan	willem	does	1345456438	Re: Wiley	1663	28

15057	JDw	to		call	write	plan	1345456697	Re: Wiley	1663	35

15418	JDw	to		wants	paper	telling	1344426652	Just in case..	1709	37

15415	JDw	to		structure	interactivethings	founding	1344426829	Re: Just in case..	1709	40

15416	JDw	to		mobile	moritz	office	1344426990	Re: Just in case..	1709	13

15417	JDw	to		super			1344430229	Re: Just in case..	1709	1

15815	JDw	to		uni	winners	managed	1344985818	Visualizing & VisWeek	1762	56

15817	JDw	to		relationship	announced	alle	1344987916	Re: Visualizing & VisWeek	1762	79

15822	JDw	to		mobile	moritz	office	1345019848	Re: Visualizing & VisWeek	1762	12

15821	JDw	to		help	sense	visual	1345041535	Re: Visualizing & VisWeek	1762	16

15823	JDw	to		that	from	awesome	1345052969	Re: Visualizing & VisWeek	1762	6

15819	JDw	to		who	then	come	1345103836	Re: Visualizing & VisWeek	1762	5

15820	JDw	to		say	before	myself	1345104040	Re: Visualizing & VisWeek	1762	22

15818	JDw	to		shame			1345104104	Re: Visualizing & VisWeek	1762	2

15816	JDw	to		having	tutorial	definitely	1345104792	Re: Visualizing & VisWeek	1762	26

15813	JDw	to		will	about	after	1345451981	Re: Visualizing & VisWeek	1762	11

15814	JDw	to		our	enrico	going	1345568608	Re: Visualizing & VisWeek	1762	19

15840	JDw	to		clubs	dynamically	acquiring	1345019822		1763	104

15838	JDw	to		digests	disconnects	fandom	1345021060	Re:	1763	236

15839	JDw	to		over	take	look	1345021213	Re:	1763	19

15871	JDw	to		move	seen	until	1345041629	Enrico to NYC	1767	41

15866	JDw	to		moritz	nice	office	1345042005	Re: Enrico to NYC	1767	13

15868	JDw	to		lilienthal	grüße	conference	1345042138	Re: Enrico to NYC	1767	27

15861	JDw	to		gregor	unfortunately	wait	1345042634	Re: Enrico to NYC	1767	26

15864	JDw	to		pay	saying	conferences	1345043928	Re: Enrico to NYC	1767	22

15865	JDw	to					1345043996	Re: Enrico to NYC	1767	0

15867	JDw	to		speaker	scritto	sold	1345047487	Re: Enrico to NYC	1767	38

15869	JDw	to		know	could	don	1345052548	Re: Enrico to NYC	1767	14

15870	JDw	to		missing	names	likely	1345057959	Re: Enrico to NYC	1767	47

15862	JDw	to		uich			1345067192	Re: Enrico to NYC	1767	1

15860	JDw	to		like	cartel	enrico	1345103643	Re: Enrico to NYC	1767	11

15863	JDw	to		smaller	speakers	fee	1345464712	Re: Enrico to NYC	1767	47

15872	JDw	to		beste	germany	little	1345044015	Images as datastore	1768	16

16015	JDw	to		any	folks	big	1345220771		1789	19

16014	JDw	to		asked	either	share	1345221163	Re:	1789	18

16016	JDw	to		money	problems		1345221228	Re:	1789	2

16096	JDw	to		received	willing	italy	1345448218	Fwd: reset?	1795	41

16095	JDw	to		alle	ore	catching	1345465308	Re: reset?	1795	64

16094	JDw	to		week	first	fantastic	1345466046	Re: reset?	1795	16

16098	JDw	to		staying	correctly	incorporate	1345449165	VISUALIZED499	1796	90

16097	JDw	to		will	just	know	1345500616	Re: VISUALIZED499	1796	10

16113	JDw	to		somebody	besides	agency	1345465674	Storytelling	1797	77

16110	JDw	to		picked	invisible	secrets	1345466834	Re: Storytelling	1797	62

16108	JDw	to		which	really	good	1345466906	Re: Storytelling	1797	13

16114	JDw	to		scott	instance	totally	1345467209	Re: Storytelling	1797	21

16112	JDw	to		office	beste	germany	1345467318	Re: Storytelling	1797	23

16109	JDw	to		diakopoulos	hullman	jessica	1345718122	Re: Storytelling	1797	318

16111	JDw	to		moritz	office	beste	1345791704	Re: Storytelling	1797	15

16264	JDw	to		posters	requires	assistance	1345731824	contact who can do infographic posters	1800	89

16309	JDw	to		cheers	find	got	1345801548		1801	14

16311	JDw	to		visualizer	address	groet	1345802033	Re:	1801	44

16310	JDw	to		thanks	jan	willem	1345802055	Re:	1801	3

17096	JDw	to		november	flight	academics	1346884224	Workshop at Politecnico di Milano	1801	114

17097	JDw	to		outside	dates	clearly	1346908070	Re: Workshop at Politecnico di Milano	1801	39

17104	JDw	to		somebody	giorno	scritto	1346931568	Re: Workshop at Politecnico di Milano	1801	57

17098	JDw	to		not	all	just	1346931782	Re: Workshop at Politecnico di Milano	1801	7

17101	JDw	to		willem	interested	paolo	1346943225	Re: Workshop at Politecnico di Milano	1801	21

17099	JDw	to		zürich	freiestrasse	takes	1346967339	Re: Workshop at Politecnico di Milano	1801	50

17103	JDw	to		see	mail	don	1346968032	Re: Workshop at Politecnico di Milano	1801	16

17100	JDw	to		politecnico	googlegroups	oggetto	1346969788	Re: Workshop at Politecnico di Milano	1801	70

17102	JDw	to		you	already	skype	1347023030	Re: Workshop at Politecnico di Milano	1801	6

16330	JDw	to		activities	statistical	datasets	1345814673	Manchester City Football Club dataset	1802	89

16751	JDw	to		alberto	upcoming	resource	1346415631	poverty data + visualization	1832	70

16749	JDw	to		aid	inequality	subcategories	1346419418	Re: poverty data + visualization	1832	145

16750	JDw	to		lots	website	submit	1346658300	Re: poverty data + visualization	1832	30

16923	JDw	to		conservatives	defeat	demonstration	1346688687	my tableau politics contest entry	1851	294

16924	JDw	to		fault	limitations	voting	1346695643	Re: my tableau politics contest entry	1851	191

16926	JDw	to		really	work	any	1346925232	Re: my tableau politics contest entry	1851	20

17230	JDw	to		scary	lists	providing	1347052367	Cartel Network Visualization	1886	60

17229	JDw	to		this	really	cool	1347053002	Re: Cartel Network Visualization	1886	4

17232	JDw	to		the	and	more	1347053255	Re: Cartel Network Visualization	1886	9

17231	JDw	to		production	lead	partner	1347109783	Re: Cartel Network Visualization	1886	25

17233	JDw	to		this	really	work	1347137592	Re: Cartel Network Visualization	1886	6

17234	JDw	to		deployed	guaranteeing	membersâ	1347480973	Re: Cartel Network Visualization	1886	302

17235	JDw	to		community	connected	interpret	1347482992	Re: Cartel Network Visualization	1886	103

17378	JDw	to		bertini	brain	konstanz	1347301373	Salvatore Iconesi's Open Source Cure	1895	45

17375	JDw	to		beste	germany	damm	1347302412	Re: Salvatore Iconesi's Open Source Cure	1895	18

17373	JDw	to		remember	tweet	wow	1347305211	Re: Salvatore Iconesi's Open Source Cure	1895	24

17374	JDw	to		him	his	gregor	1347305560	Re: Salvatore Iconesi's Open Source Cure	1895	24

17377	JDw	to		lead	remember	partner	1347306978	Re: Salvatore Iconesi's Open Source Cure	1895	30

17376	JDw	to		say	quite	his	1347308416	Re: Salvatore Iconesi's Open Source Cure	1895	18

17379	JDw	to		cancer	visionary	coherent	1347310957	Re: Salvatore Iconesi's Open Source Cure	1895	137

17371	JDw	to		really	how	very	1347311854	Re: Salvatore Iconesi's Open Source Cure	1895	15

17372	JDw	to		spectrum	cure	fulfilling	1347316334	Re: Salvatore Iconesi's Open Source Cure	1895	65

17409	JDw	to		require	fee	stream	1347351155	Stream graph	1895	54

17410	JDw	to		built	directly	clark	1347351525	Re: Stream graph	1895	35

17411	JDw	to		include	approached	hold	1347351773	Re: Stream graph	1895	41

17403	JDw	to		for	did	didn	1347353025	Re: Stream graph	1895	5

17404	JDw	to		lilienthal	grüße	did	1347353512	Re: Stream graph	1895	30

17406	JDw	to		this	will	use	1347353667	Re: Stream graph	1895	7

17405	JDw	to		built	elements	demo	1347354192	Re: Stream graph	1895	35

17408	JDw	to		all	will	thanks	1347354825	Re: Stream graph	1895	7

17402	JDw	to		milano	andykirk	densitydesign	1347356108	Re: Stream graph	1895	70

17407	JDw	to		now	thanks	most	1347370643	Re: Stream graph	1895	9

17464	JDw	to		according	itself	visually	1347406455	Some news on Visual.ly	1906	64

17463	JDw	to		seems	investment	goes	1347432622	Re: Some news on Visual.ly	1906	25

17462	JDw	to		beste	germany	love	1347440204	Re: Some news on Visual.ly	1906	16

17461	JDw	to		they	need	stuff	1347440421	Re: Some news on Visual.ly	1906	13

17491	JDw	to		dear	further	clients	1347439935	Social Network Analysis	1907	75

17487	JDw	to		starting	signed	class	1347440657	Re: Social Network Analysis	1907	32

17492	JDw	to		production	lead	along	1347443365	Re: Social Network Analysis	1907	33

17490	JDw	to		already	currently	classes	1347444115	Re: Social Network Analysis	1907	4

17489	JDw	to		before	doesn	thinking	1347444672	Re: Social Network Analysis	1907	20

17488	JDw	to		and	data	one	1347444755	Re: Social Network Analysis	1907	9

17550	JDw	to		spanish	gently	rope	1347484602	Le me being nominated	1910	145

17541	JDw	to		done	cartel	probably	1347485071	Re: Le me being nominated	1910	21

17542	JDw	to		guy	visualized	speaking	1350575998	Re: Le me being nominated	1910	41

17551	JDw	to		fantastic	oct	visualized	1350576244	Re: Le me being nominated	1910	67

17549	JDw	to		speakers	invited	diagram	1350576518	Re: Le me being nominated	1910	35

17545	JDw	to		guy	visualized	speaking	1350579393	Re: Le me being nominated	1910	47

17543	JDw	to		relevant	attending	london	1350580791	Re: Le me being nominated	1910	68

17540	JDw	to		london	aisch	guardian	1350581056	Re: Le me being nominated	1910	86

17538	JDw	to		then	won	training	1350581308	Re: Le me being nominated	1910	15

17547	JDw	to		santiago	believe	nyc	1350590310	Re: Le me being nominated	1910	22

17539	JDw	to		the	they	well	1350634280	Re: Le me being nominated	1910	8

17548	JDw	to		his	charts	santiago	1350634564	Re: Le me being nominated	1910	19

17546	JDw	to		this	but	all	1350667162	Re: Le me being nominated	1910	12

17544	JDw	to					1350677510	Re: Le me being nominated	1910	0

17733	JDw	to		mac	exclusive	practices	1347631899	advice needed	1927	79

17731	JDw	to		live	suggestions	dead	1347632843	Re: advice needed	1927	23

17728	JDw	to		markdown	nas	operating	1347638511	Re: advice needed	1927	219

17729	JDw	to					1347638862	Re: advice needed	1927	0

17737	JDw	to		thanks	gregor		1347640359	Re: advice needed	1927	2

17742	JDw	to		for	but	app	1347640935	Re: advice needed	1927	7

17743	JDw	to		sudo	textmate	unixy	1347825526	Re: advice needed	1927	129

17730	JDw	to		know	thanks	didn	1347836488	Re: advice needed	1927	13

17735	JDw	to		page	trying	example	1348216638	Re: advice needed	1927	21

17741	JDw	to		reload	shell	compiled	1348225014	Re: advice needed	1927	92

17738	JDw	to		does	haven	trying	1348225212	Re: advice needed	1927	21

17740	JDw	to		ran	scripts	checks	1348228703	Re: advice needed	1927	78

17744	JDw	to		use	though	sure	1348228853	Re: advice needed	1927	18

17739	JDw	to		damm	eickedorfer	lilienthal	1348229002	Re: advice needed	1927	20

17734	JDw	to		moritz	office	beste	1348229024	Re: advice needed	1927	15

17732	JDw	to		exit	jumped	systems	1348229150	Re: advice needed	1927	86

17736	JDw	to		might	quick	python	1348230249	Re: advice needed	1927	17

17841	JDw	to		beste	germany	damm	1347813353	data cooking	1946	17

17840	JDw	to		all	was	eatable	1347814113	Re: data cooking	1946	3

17843	JDw	to		was	very	least	1347816609	Re: data cooking	1946	6

17839	JDw	to		you	this	are	1347818386	Re: data cooking	1946	5

17842	JDw	to		viz	variables	knowledge	1347820485	Re: data cooking	1946	34

17844	JDw	to		moritz	office	beste	1347828847	Re: data cooking	1946	17

17939	JDw	to		the	there	when	1347897957		1969	8

17958	JDw	to		latest	spend	win	1347915420	i was told to keep it secret but fuck no	1974	27

17959	JDw	to		congrats			1347915489	Re: i was told to keep it secret but fuck no	1974	1

17960	JDw	to		jerome	good	stuff	1347916603	Re: i was told to keep it secret but fuck no	1974	3

17962	JDw	to		bme	jér	congrats	1347917339	Re: i was told to keep it secret but fuck no	1974	3

17957	JDw	to		great	any	word	1347952916	Re: i was told to keep it secret but fuck no	1974	14

17961	JDw	to		live	buy	whatever	1347959679	Re: i was told to keep it secret but fuck no	1974	21

19475	JDw	to		ground	aggressive	cio	1349889534	oecd woes	2119	170

19479	JDw	to		happens	decide	walk	1349890882	Re: oecd woes	2119	78

19476	JDw	to		piece	names	due	1349891175	Re: oecd woes	2119	36

19480	JDw	to		english	showed	girlfriend	1349895254	Re: oecd woes	2119	52

19478	JDw	to		believe	direction	following	1349896947	Re: oecd woes	2119	35

19477	JDw	to		infosthetics	differently	concerned	1349902706	Re: oecd woes	2119	80

19474	JDw	to		show	oecd	without	1349957130	Re: oecd woes	2119	34

19481	JDw	to		much	too	cartel	1349957374	Re: oecd woes	2119	17

19553	JDw	to		datavis	spent	waiting	1349957932	Datawrapper	2128	44

19548	JDw	to		for	good	very	1349959653	Re: Datawrapper	2128	12

19549	JDw	to		creating	obvious	challenges	1349970401	Re: Datawrapper	2128	54

19551	JDw	to		chart	area	support	1349986447	Re: Datawrapper	2128	32

19552	JDw	to		fix	bug	meaningful	1349991718	Re: Datawrapper	2128	62

19550	JDw	to		burst	circulars	departed	1350029958	Re: Datawrapper	2128	308

19546	JDw	to		yet	damm	eickedorfer	1350030117	Re: Datawrapper	2128	28

19545	JDw	to		burst	circulars	departed	1350037079	Re: Datawrapper	2128	340

19547	JDw	to		you	can	make	1351881132	Re: Datawrapper	2128	6

19593	JDw	to		any	cartel	looking	1349985204	Visualization position at Google	2132	16

19592	JDw	to		conclusion	posts	dream	1349986313	Re: Visualization position at Google	2132	57

19591	JDw	to		does	sounds	saw	1349990684	Re: Visualization position at Google	2132	23

19590	JDw	to		great	visualization	benjamin	1350023956	Re: Visualization position at Google	2132	21

20231	JDw	to		esquem	etica	knowingly	1350632948	Thoughts on a PhD Research Project about Information Visualization & Design Activism	2254	304

20234	JDw	to		interfaces	applied	experiments	1350633635	Best Papers that Evaluate Understandability of Visualizations	2255	108

20235	JDw	to		enrico	visweek	subject	1350633935	Re: Best Papers that Evaluate Understandability of Visualizations	2255	21

20232	JDw	to		applied	experiments	gain	1350636988	Re: Best Papers that Evaluate Understandability of Visualizations	2255	137

20237	JDw	to		indeed	otherwise	limited	1350637434	Re: Best Papers that Evaluate Understandability of Visualizations	2255	25

20236	JDw	to		rigorous	definition	hints	1350682268	Re: Best Papers that Evaluate Understandability of Visualizations	2255	113

20233	JDw	to		museum	participants	becomes	1350696656	Re: Best Papers that Evaluate Understandability of Visualizations	2255	84

20239	JDw	to		scenario	clearer	identified	1350853978	Re: Best Papers that Evaluate Understandability of Visualizations	2255	76

20238	JDw	to		help	interested	useful	1350915670	Re: Best Papers that Evaluate Understandability of Visualizations	2255	33

20507	JDw	to		catch	answers	approaches	1351029646	I'd love to include your approach in my next talk	2292	90

20508	JDw	to		alle	rough	ore	1351058871	Re: I'd love to include your approach in my next talk	2292	132

20511	JDw	to		alberto	attempts	pushing	1351059848	Re: I'd love to include your approach in my next talk	2292	167

20512	JDw	to		quickly	hands	interview	1351062508	Re: I'd love to include your approach in my next talk	2292	69

20510	JDw	to		concur	requirements	rewarding	1351066517	Re: I'd love to include your approach in my next talk	2292	294

20513	JDw	to		reflected	satisfying	reformatting	1351070561	Re: I'd love to include your approach in my next talk	2292	533

20505	JDw	to		therefore	presenting	incredible	1351079042	Re: I'd love to include your approach in my next talk	2292	85

20506	JDw	to		pointer	loops	sheila	1351082304	Re: I'd love to include your approach in my next talk	2292	162

20514	JDw	to		evening	appreciated	sending	1351100996	Re: I'd love to include your approach in my next talk	2292	46

20509	JDw	to		tell	family	welcome	1351101514	Re: I'd love to include your approach in my next talk	2292	20

20550	JDw	to		cold	colours	alternatives	1351076533	Alternative to RAG	2293	43

20861	JDw	to		basis	hangout	nicely	1351518987	Mobster hangout	2314	74

20857	JDw	to		all	good	might	1351524440	Re: Mobster hangout	2314	12

20862	JDw	to		great			1351524728	Re: Mobster hangout	2314	1

20853	JDw	to		there	like	try	1351548420	Re: Mobster hangout	2314	5

20860	JDw	to		and	that	right	1351548762	Re: Mobster hangout	2314	4

20858	JDw	to		the	have	all	1351550341	Re: Mobster hangout	2314	9

20859	JDw	to		great	may	idea	1351581556	Re: Mobster hangout	2314	14

20855	JDw	to		are	out	hanging	1351883005	Re: Mobster hangout	2314	3

20854	JDw	to					1351552518	=?utf-8?B?UmU6IE1vYnN0ZXIgaGFuZ291dA==	2316	0

21009	JDw	to		freelance	emails	tulp	1351690940	all aboard?	2325	29

21010	JDw	to		office	beste	germany	1351691075	Re: all aboard?	2325	18

20851	JDw	to		office	beste	germany	1351883433	Re: Mobster hangout	2340	17

20856	JDw	to		friends	happen	often	1351903619	Re: Mobster hangout	2340	32

20852	JDw	to		moritz	office	beste	1352105050	Re: Mobster hangout	2340	14

21238	JDw	to		email	guys	didn	1351932347	Re: Moderator's spam report for data-visualization-cartel@googlegroups.com	2342	16

21239	JDw	to		enrico	guys	jan	1351933068	Re: Moderator's spam report for data-visualization-cartel@googlegroups.com	2342	23

21237	JDw	to		link	members	initial	1351933521	Re: Moderator's spam report for data-visualization-cartel@googlegroups.com	2342	36

21240	JDw	to		normal	except	chat	1351934455	Re: Moderator's spam report for data-visualization-cartel@googlegroups.com	2342	27

21397	JDw	to		enrico	jan	probably	1352191978	test mail for Stephanie	2357	26

21399	JDw	to		off	grüße	she	1352192090	Re: test mail for Stephanie	2357	31

21398	JDw	to		also	her		1352192284	Re: test mail for Stephanie	2357	2

21400	JDw	to		stefaner	mobile	moritz	1352192320	Re: test mail for Stephanie	2357	12

21401	JDw	to		always	she	taking	1352348054	Re: test mail for Stephanie	2357	29

21402	JDw	from		everyone	conversation	missed	1352355261	Re: test mail for Stephanie	2357	18

21598	JDw	from		and	much	head	1352356068	wow	2389	11

21600	JDw	to		finally	comes	london	1352379156	Re: wow	2389	41

21601	JDw	to		just	don	back	1352394827	Re: wow	2389	11

21599	JDw	from		rain	voting	favourite	1352396054	Re: wow	2389	121

21597	JDw	to		one	thanks	great	1352399198	Re: wow	2389	13

21731	JDw	to		guys	seen	fun	1352494389	Data Stories Hangout	2399	27

21732	JDw	to		great	idea	enrico	1352536444	Re: Data Stories Hangout	2399	13

21739	JDw	to		coming	friends	worked	1352538373	Re: Data Stories Hangout	2399	38

21729	JDw	to		hello	benjamin	day	1352660217	Re: Data Stories Hangout	2399	15

21734	JDw	to		would	moritz	great	1352660329	Re: Data Stories Hangout	2399	13

21738	JDw	to		back	working	day	1352661068	Re: Data Stories Hangout	2399	16

21735	JDw	to		global	miss	giorno	1352662046	Re: Data Stories Hangout	2399	46

21730	JDw	from		day	come	love	1352707205	Re: Data Stories Hangout	2399	22

21733	JDw	to		hang	hangout	googlegroups	1352713192	Re: Data Stories Hangout	2399	58

21728	JDw	to		grüße	tomorrow	info	1352725976	Re: Data Stories Hangout	2399	31

21737	JDw	to		please	idea	here	1352757533	Re: Data Stories Hangout	2399	20

21740	JDw	from		give	post	won	1352825796	Re: Data Stories Hangout	2399	22

21736	JDw	to					1352826171	Re: Data Stories Hangout	2399	0

22078	JDw	to		nutshell	till	increased	1352997099	cartel judges	2436	86

22080	JDw	to		high	huge	quality	1352998501	Re: cartel judges	2436	32

22076	JDw	to		anyway	fact	entry	1352998800	Re: cartel judges	2436	24

22082	JDw	to		started	quality	hear	1353000055	Re: cartel judges	2436	32

22085	JDw	to		even	those	gets	1353001482	Re: cartel judges	2436	18

22079	JDw	to		the	love	foreign	1353001517	Re: cartel judges	2436	4

22087	JDw	to		looked	mark	young	1353001861	Re: cartel judges	2436	33

22077	JDw	to		around	viz	london	1353001980	Re: cartel judges	2436	15

22084	JDw	to		piece	multiples	trends	1353011329	Re: cartel judges	2436	40

22083	JDw	to					1353013471	Re: cartel judges	2436	0

22088	JDw	to		still	paolo	imagine	1353013896	Re: cartel judges	2436	16

22086	JDw	to		scope	phd	student	1353022152	Re: cartel judges	2436	32

22081	JDw	to		brilliant	student	usual	1353022632	Re: cartel judges	2436	45

22075	JDw	from		yes	around	reply	1353342021	Re: cartel judges	2436	16

22261	JDw	to		hindsight	humoristic	leonardo	1353316101	Training course	2450	295

22262	JDw	to		json	achieved	programmers	1353316787	Re: Training course	2450	187

22263	JDw	to		range	scientific	disciplines	1353317639	Re: Training course	2450	29

22294	JDw	to		wondering	near	attending	1353339790	meetup?	2455	75

22301	JDw	from		that	not	really	1353341419	Re: meetup?	2455	11

22302	JDw	to		and	you	see	1353341551	Re: meetup?	2455	11

22303	JDw	from		data	will	come	1353341933	Re: meetup?	2455	9

22297	JDw	to		anyone	tickets	receive	1353342142	Re: meetup?	2455	34

22292	JDw	to		they	going	end	1353342396	Re: meetup?	2455	12

22299	JDw	to		stef	weren	judges	1353345450	Re: meetup?	2455	70

22300	JDw	to					1353346924	Re: meetup?	2455	0

22295	JDw	to		things	way	yes	1353347206	Re: meetup?	2455	20

22293	JDw	to		going	next	year	1353348573	Re: meetup?	2455	6

22296	JDw	to		the	there	get	1353367568	Re: meetup?	2455	7

22298	JDw	to		visualizer	quick	groet	1353395693	Re: meetup?	2455	49

22363	JDw	to		scripts	server	stack	1353408346	Seeking a good developer	2460	60

22355	JDw	to		what	about	jason	1353449721	Re: Seeking a good developer	2460	5

22359	JDw	to		with	when	need	1353452771	Re: Seeking a good developer	2460	12

22357	JDw	to		stefaner	mobile	phone	1353482930	Re: Seeking a good developer	2460	15

22361	JDw	to		project	work	say	1353483814	Re: Seeking a good developer	2460	26

22353	JDw	to		site	web	include	1353484548	Re: Seeking a good developer	2460	29

22358	JDw	to		the	that	was	1353484908	Re: Seeking a good developer	2460	7

22362	JDw	to		damm	eickedorfer	lilienthal	1353484955	Re: Seeking a good developer	2460	28

22360	JDw	to		plan	writing	worked	1354118506	Re: Seeking a good developer	2460	50

22356	JDw	to		him	his	interested	1354118974	Re: Seeking a good developer	2460	35

22354	JDw	to		might	wrote	writing	1354127510	Re: Seeking a good developer	2460	42

22484	JDw	to		department	professor	institute	1353511444	Decoration	2468	68

22478	JDw	to		laptop	fans	mba	1353514111	Re: Decoration	2468	52

22479	JDw	from		studio	wall	essential	1353514875	Re: Decoration	2468	80

22487	JDw	to		cartel	might	post	1353515539	Re: Decoration	2468	25

22474	JDw	to		five	direct	performance	1353516210	Re: Decoration	2468	26

22485	JDw	to		you	that	then	1353517258	Re: Decoration	2468	7

22475	JDw	to		jerome	days	dark	1353517641	Re: Decoration	2468	3

22473	JDw	to		scratch	continent	decoration	1353520758	Re: Decoration	2468	75

22477	JDw	to		the	and	would	1353521063	Re: Decoration	2468	10

22476	JDw	to		giorno	scritto	lab	1353521312	Re: Decoration	2468	38

22483	JDw	to		wall	aka	hanging	1353525151	Re: Decoration	2468	35

22481	JDw	to		hipsters	legos	moustache	1353525215	Re: Decoration	2468	177

22486	JDw	to		posters	decoration	atlas	1353571564	Re: Decoration	2468	56

22480	JDw	to		your	current	location	1353571764	Re: Decoration	2468	5

22482	JDw	to		maybe	cool	few	1353613590	Re: Decoration	2468	17

22488	JDw	to		based	understand	once	1353963661	Re: Decoration	2468	31

22677	JDw	to		grabs	refinement	unleash	1353711378	Jury service...	2480	193

22676	JDw	to		entries	knew	criteria	1353711970	Re: Jury service...	2480	47

22673	JDw	to		completely	outline	failed	1353712253	Re: Jury service...	2480	27

22674	JDw	to		seen	hand	bad	1353912562	Re: Jury service...	2480	23

22675	JDw	to		whole	bad	wow	1353926735	Re: Jury service...	2480	18

23066	JDw	to		woo	deck	skeptical	1354301830	Help on teasing my students with vis examples	2507	109

23058	JDw	to		appreciate	curious	feature	1354303233	Re: Help on teasing my students with vis examples	2507	53

23067	JDw	to		appreciate	curious	feature	1354716858	Re: Help on teasing my students with vis examples	2507	60

23061	JDw	to		vizmarathon	ten	codes	1354724241	Re: Help on teasing my students with vis examples	2507	73

23062	JDw	to		hairball	preparing	genius	1354829087	Re: Help on teasing my students with vis examples	2507	161

23064	JDw	to		preparing	genius	pinch	1355329840	Re: Help on teasing my students with vis examples	2507	183

23069	JDw	from		for	your	would	1355331402	Re: Help on teasing my students with vis examples	2507	6

23065	JDw	to		for	use	cartel	1355331495	Re: Help on teasing my students with vis examples	2507	5

23059	JDw	to		lilienthal	skype	grüße	1355331540	Re: Help on teasing my students with vis examples	2507	25

23060	JDw	to		the	how	could	1355331653	Re: Help on teasing my students with vis examples	2507	5

23063	JDw	to		and	for	thanks	1355337756	Re: Help on teasing my students with vis examples	2507	9

23068	JDw	to		jan	willem	tulp	1355375544	Re: Help on teasing my students with vis examples	2507	24

23280	JDw	to		holiday	somebody	finishing	1354703763	Urgent D3 screen shot image required!	2516	60

23276	JDw	to		this			1354704347	Re: Urgent D3 screen shot image required!	2516	1

23277	JDw	to		over	down	everyone	1354704672	Re: Urgent D3 screen shot image required!	2516	8

23279	JDw	to		that	like	new	1354709857	Re: Urgent D3 screen shot image required!	2516	6

23278	JDw	to		more	cheers	last	1354717577	Re: Urgent D3 screen shot image required!	2516	6

23378	JDw	to		groet	hartelijke	technology	1354801468	High resolution display	2524	52

23582	JDw	from		sagmeister	solarbeat	stylistic	1355126691	Advice: the best physical/sensory data visualisations?	2533	251

23581	JDw	to		sounds	mind	fun	1355130690	Re: Advice: the best physical/sensory data visualisations?	2533	38

23577	JDw	from		projects	ones	completely	1355135708	Re: Advice: the best physical/sensory data visualisations?	2533	35

23579	JDw	to		great	check	someone	1355135876	Re: Advice: the best physical/sensory data visualisations?	2533	18

23580	JDw	from		off	research	books	1355136145	Re: Advice: the best physical/sensory data visualisations?	2533	36

23586	JDw	to		computer	interview	research	1355284188	Re: Advice: the best physical/sensory data visualisations?	2533	57

23575	JDw	to		that	for	thanks	1355304878	Re: Advice: the best physical/sensory data visualisations?	2533	7

23585	JDw	from		healthier	idle	lift	1355396933	Re: Advice: the best physical/sensory data visualisations?	2533	150

23583	JDw	to		chris	visualisations	emailed	1355397993	Re: Advice: the best physical/sensory data visualisations?	2533	61

23578	JDw	from		sure	say	interesting	1355407711	Re: Advice: the best physical/sensory data visualisations?	2533	18

23584	JDw	from		visualisation	art	ago	1355407899	Re: Advice: the best physical/sensory data visualisations?	2533	39

23576	JDw	to		andrew	research	side	1355412077	Re: Advice: the best physical/sensory data visualisations?	2533	17

23704	JDw	to		cons	overly	pros	1355232534	advice: go/no go	2551	64

23702	JDw	to		china	engagements	figured	1355233252	Re: advice: go/no go	2551	68

23708	JDw	to		occasions	presentations	lectures	1355241837	Re: advice: go/no go	2551	101

23698	JDw	from		showcase	spoken	sorts	1355242561	Re: advice: go/no go	2551	89

23707	JDw	to		everyone	speak	pay	1355256122	Re: advice: go/no go	2551	29

23699	JDw	to		ripped	evil	soul	1355257583	Re: advice: go/no go	2551	239

23700	JDw	to		question	code	enough	1355258036	Re: advice: go/no go	2551	14

23706	JDw	to		lol	signal	accepting	1355260119	Re: advice: go/no go	2551	100

23701	JDw	to					1355319971	Re: advice: go/no go	2551	0

23705	JDw	to		spin	drove	triggered	1355326907	Re: advice: go/no go	2551	189

23709	JDw	to		the	last	andy	1355327111	Re: advice: go/no go	2551	5

23710	JDw	to		lilienthal	skype	off	1355327388	Re: advice: go/no go	2551	30

23697	JDw	to		tulp	visualizer	happen	1355327506	Re: advice: go/no go	2551	58

23703	JDw	to		rain	retreat	continued	1355327832	Re: advice: go/no go	2551	107

23820	JDw	to		year	twitter	google	1355329538	sign of the times	2561	17

23818	JDw	to		the	just	doing	1355329689	Re: sign of the times	2561	5

23819	JDw	to		place	better	stuff	1355332608	Re: sign of the times	2561	13

23825	JDw	to		cool	guys	started	1355330815	Inviting Jen Lowe to the Cartel?	2562	32

23826	JDw	to		jen	york	consider	1355331158	Re: Inviting Jen Lowe to the Cartel?	2562	29

23838	JDw	to		ago	material	join	1355331482	Re: Inviting Jen Lowe to the Cartel?	2562	44

23823	JDw	from		decide	criteria	citizen	1355331660	Re: Inviting Jen Lowe to the Cartel?	2562	44

23833	JDw	to		gentlemen	ladies	primary	1355331805	Re: Inviting Jen Lowe to the Cartel?	2562	84

23845	JDw	to		zone	apply	american	1355339895	Re: Inviting Jen Lowe to the Cartel?	2562	37

23840	JDw	to		jen	either	thoughts	1355341745	Re: Inviting Jen Lowe to the Cartel?	2562	30

23837	JDw	to		well	fine	andrew	1355342377	Re: Inviting Jen Lowe to the Cartel?	2562	15

23834	JDw	to		expansion	posing	golden	1355342396	Re: Inviting Jen Lowe to the Cartel?	2562	119

23843	JDw	to		golden	broader	creep	1355342883	Re: Inviting Jen Lowe to the Cartel?	2562	197

23842	JDw	to		posing	golden	broader	1355343110	Re: Inviting Jen Lowe to the Cartel?	2562	200

23831	JDw	to		definitely	single	addition	1355343161	Re: Inviting Jen Lowe to the Cartel?	2562	54

23824	JDw	to		bullet	rainy	dedication	1355343181	Re: Inviting Jen Lowe to the Cartel?	2562	52

23836	JDw	to		organize	confirm	berlin	1355343545	Re: Inviting Jen Lowe to the Cartel?	2562	61

23841	JDw	to		dataviz	secret	diagrams	1355344754	Re: Inviting Jen Lowe to the Cartel?	2562	24

23851	JDw	to		members	feeling	center	1355354307	Re: Inviting Jen Lowe to the Cartel?	2562	34

23832	JDw	to		physical	managed	imo	1355356423	Re: Inviting Jen Lowe to the Cartel?	2562	129

23844	JDw	to		necessarily	unlikely	particularly	1355374451	Re: Inviting Jen Lowe to the Cartel?	2562	110

23839	JDw	to		lately	amsterdam	bird	1355385414	Re: Inviting Jen Lowe to the Cartel?	2562	137

23849	JDw	to		bird	stated	definite	1355388597	Re: Inviting Jen Lowe to the Cartel?	2562	256

23830	JDw	to		reading	couldn	decide	1355422243	Re: Inviting Jen Lowe to the Cartel?	2562	37

23828	JDw	to		the	message	future	1355422596	Re: Inviting Jen Lowe to the Cartel?	2562	6

23850	JDw	to		well	santiago	played	1355423770	Re: Inviting Jen Lowe to the Cartel?	2562	3

23829	JDw	to		for	email	check	1355424219	Re: Inviting Jen Lowe to the Cartel?	2562	11

23846	JDw	to		support	ways	messages	1355434517	Re: Inviting Jen Lowe to the Cartel?	2562	14

23848	JDw	to		cartel	thing	remember	1355435525	Re: Inviting Jen Lowe to the Cartel?	2562	17

23827	JDw	to		the	and	please	1355435794	Re: Inviting Jen Lowe to the Cartel?	2562	11

23835	JDw	to		andy	him	kirk	1355438612	Re: Inviting Jen Lowe to the Cartel?	2562	22

23847	JDw	to		and	lady	gaga	1355442077	Re: Inviting Jen Lowe to the Cartel?	2562	3

23993	JDw	to		approvals	clubs	nerd	1355502103	Memberships and such	2572	184

23989	JDw	to		yes	points	jen	1355502314	Re: Memberships and such	2572	22

23985	JDw	to		damm	eickedorfer	lilienthal	1355502382	Re: Memberships and such	2572	28

23981	JDw	to		suggested	joins	afaik	1355502418	Re: Memberships and such	2572	64

23994	JDw	to		clubs	nerd	quirky	1355504066	Re: Memberships and such	2572	260

23991	JDw	to		models	correspondent	organizations	1355512349	Re: Memberships and such	2572	119

23983	JDw	to		lost	arise	whilst	1355522802	Re: Memberships and such	2572	87

23984	JDw	to		reminder			1355605127	Re: Memberships and such	2572	1

23997	JDw	to		this	was	time	1355605774	Re: Memberships and such	2572	12

23988	JDw	to		office	moritz	beste	1355607511	Re: Memberships and such	2572	17

23982	JDw	to		the	you	done	1355754246	Re: Memberships and such	2572	8

23987	JDw	to		done			1355765100	Re: Memberships and such	2572	1

23995	JDw	to		guys	wrote	jan	1355804160	Re: Memberships and such	2572	19

23996	JDw	to		fill	participation	doodle	1355804718	Re: Memberships and such	2572	62

23986	JDw	to		terms	unfortunately	seattle	1355817809	Re: Memberships and such	2572	32

23990	JDw	to		screen	bertini	fill	1355818515	Re: Memberships and such	2572	44

23992	JDw	to		done			1355819420	Re: Memberships and such	2572	1

24074	JDw	to		little	anything	guess	1355604750	cartel correspondance	2580	23

24064	JDw	to		like	how	great	1355606221	Re: cartel correspondance	2580	13

24075	JDw	to		click	members	messages	1355606419	Re: cartel correspondance	2580	16

24073	JDw	to		thought	name	messages	1355606831	Re: cartel correspondance	2580	27

24066	JDw	to		nice	each	list	1355607207	Re: cartel correspondance	2580	24

24070	JDw	from		view	cool	used	1355661993	Re: cartel correspondance	2580	26

24067	JDw	to		straight	contents	conversations	1355685941	Re: cartel correspondance	2580	79

24071	JDw	to		structure	coding	linear	1355685950	Re: cartel correspondance	2580	41

24068	JDw	to		inner	chattiest	tweaking	1355706598	Re: cartel correspondance	2580	170

24072	JDw	from		only	end	most	1355762488	Re: cartel correspondance	2580	16

24065	JDw	to		into	hey	move	1355762682	Re: cartel correspondance	2580	14

24069	JDw	from		challenge	across	considering	1355763216	Re: cartel correspondance	2580	33

24076	JDw	to		left	emails	behind	1355776278	Re: cartel correspondance	2580	19

24167	JDw	to		wait	buy	copy	1355756660	Don't buy my book	2587	27

24168	JDw	to		woo			1355803600	Re: Don't buy my book	2587	2

24201	JDw	to		participant	illustrator	unlike	1355778499	Workshop at Politecnico	2590	172

24197	JDw	to		sounds	did	worked	1355779088	Re: Workshop at Politecnico	2590	23

24194	JDw	to		comparison	frame	uploaded	1355779342	Re: Workshop at Politecnico	2590	75

24198	JDw	to		all	one	just	1355779468	Re: Workshop at Politecnico	2590	14

24200	JDw	to		really	super	night	1355780242	Re: Workshop at Politecnico	2590	13

24199	JDw	to		stuff	beste	days	1355782455	Re: Workshop at Politecnico	2590	26

24196	JDw	to		beverage	byzantine	compulsion	1355856639	Re: Workshop at Politecnico	2590	393

24193	JDw	to		interesting	being	especially	1355857036	Re: Workshop at Politecnico	2590	22

24195	JDw	to		trapped	assertive	beverage	1355857728	Re: Workshop at Politecnico	2590	420

24223	JDw	to		collaboration	contribute	february	1355786599	places and spaces cfs	2595	78

24225	JDw	to		version	map	using	1355793605	Re: places and spaces cfs	2595	14

24219	JDw	to		contribution	dates	usually	1355868195	Re: places and spaces cfs	2595	40

24220	JDw	to		happy	help		1355869132	Re: places and spaces cfs	2595	2

24224	JDw	to		going	though	even	1355869226	Re: places and spaces cfs	2595	21

24221	JDw	to		fun	places	santiago	1355904485	Re: places and spaces cfs	2595	34

24222	JDw	to		that	good	idea	1355916866	Re: places and spaces cfs	2595	3

24280	JDw	to		tulp	attend	visualizer	1355819523	SEE+?	2598	35

24273	JDw	to		opportunity	suggestions	obvious	1355819611	Re: SEE+?	2598	45

24264	JDw	to		that	was	what	1355819661	Re: SEE+?	2598	4

24267	JDw	from		away	eyeo	ticket	1355820653	Re: SEE+?	2598	32

24265	JDw	to		happen	expect	excited	1355821294	Re: SEE+?	2598	42

24277	JDw	to		damm	eickedorfer	lilienthal	1355821392	Re: SEE+?	2598	20

24262	JDw	to		office	moritz	beste	1355821403	Re: SEE+?	2598	16

24270	JDw	to		moritz	thanks		1355821458	Re: SEE+?	2598	2

24279	JDw	to		best	great	jan	1355821495	Re: SEE+?	2598	6

24269	JDw	to		thanks			1355821553	Re: SEE+?	2598	1

24263	JDw	to		tulp	news	team	1355821632	Re: SEE+?	2598	5

24260	JDw	to		thanks	andy		1355821761	Re: SEE+?	2598	2

24274	JDw	to		like	really	how	1355821975	Re: SEE+?	2598	13

24259	JDw	to		that	right	haha	1355822054	Re: SEE+?	2598	3

24266	JDw	to		quite	already	folks	1355831778	Re: SEE+?	2598	18

24268	JDw	to		thanks	enrico		1355832242	Re: SEE+?	2598	2

24261	JDw	to		googlegroups	oggetto	risposta	1355833227	Re: SEE+?	2598	60

24271	JDw	to		thanks	paolo		1355833268	Re: SEE+?	2598	2

24276	JDw	to		this	time	great	1355843505	Re: SEE+?	2598	6

24278	JDw	to		you	will	thank	1355844919	Re: SEE+?	2598	3

24275	JDw	to		suggestions	family	present	1355912436	Re: SEE+?	2598	72

24272	JDw	to		also	see	thanks	1355913247	Re: SEE+?	2598	4

24351	JDw	to		creative	box	dots	1355871234	creative approaches to maps	2607	55

24337	JDw	to		beste	set	makes	1355904955	Re: creative approaches to maps	2607	28

24332	JDw	to		whether	complete	yesterday	1355906708	Re: creative approaches to maps	2607	40

24331	JDw	to		downloaded	workers	hague	1355907885	Re: creative approaches to maps	2607	200

24350	JDw	to		scaled	binning	simplest	1355909424	Re: creative approaches to maps	2607	110

24352	JDw	to		thanks	sure	does	1355912124	Re: creative approaches to maps	2607	3

24339	JDw	to		dot	clusters	popping	1355914737	Re: creative approaches to maps	2607	71

24334	JDw	to		what	kind	map	1355917147	Re: creative approaches to maps	2607	12

24335	JDw	to		stefaner	office	moritz	1355917361	Re: creative approaches to maps	2607	18

24336	JDw	to		example	three	similar	1355917912	Re: creative approaches to maps	2607	38

24342	JDw	to		the	for	map	1355918151	Re: creative approaches to maps	2607	9

24353	JDw	to		#N/A	#N/A	#N/A	1355920229	Re: creative approaches to maps	2608	#N/A

24340	JDw	to		exist	regions	algorithm	1355921674	Re: creative approaches to maps	2609	28

24349	JDw	to		incredibly	lat	quarter	1355923696	Re: creative approaches to maps	2609	137

24327	JDw	to		epoint	evenâ	FALSE	1355925607	Re: creative approaches to maps	2609	197

24328	JDw	to		manually	reuse	segments	1355926200	Re: creative approaches to maps	2609	73

24348	JDw	to		accelerates	deformations	interiority	1355930033	Re: creative approaches to maps	2609	152

24345	JDw	to		tests	log	tree	1355931877	Re: creative approaches to maps	2609	46

24347	JDw	to		polygon	boundaries	combined	1355935769	Re: creative approaches to maps	2609	81

24329	JDw	to		you	have	now	1355950508	Re: creative approaches to maps	2609	10

24343	JDw	to		collection	collect	incredible	1355958429	Re: creative approaches to maps	2609	41

24326	JDw	to		yours	board	moved	1355959193	Re: creative approaches to maps	2609	44

24341	JDw	to		already	perhaps	adding	1355961334	Re: creative approaches to maps	2609	24

24338	JDw	to		the	from	some	1355988303	Re: creative approaches to maps	2609	8

24346	JDw	to		eickedorfer	lilienthal	skype	1355988493	Re: creative approaches to maps	2609	31

24344	JDw	to		the	for	data	1355927674	Re: creative approaches to maps	2610	10

24330	JDw	to		great	right	end	1356002086	Re: creative approaches to maps	2611	14

24333	JDw	to		inviato	surfaces	[category	1356075714	Re: creative approaches to maps	2612	95

t619	JDw	to	mention	looking	meet	forward	1331773165		t379	5

t822	JDw	to	mention	huge	motivation	stefpos	1331773668		t380	12

t819	JDw	to	mention	love	never	read	1331775205		t381	17

t1341	JDw	to	mention	conference	wiederkehr	janwillemtulp	1334970993		t637	10

t1719	JDw	to	mention	conference	wiederkehr	workshop	1335489464		t689	18

t30	JDw	to	mention	with	like	projects	1335748638		t715	6

t31	JDw	to	mention	are	like	which	1335748616		t716	14

t1144	JDw	to	mention	like	really	things	1335748859		t717	10

t1268	JDw	to	mention	see	new	http	1336441139		t777	17

t824	JDw	to	mention	tweet	totally	become	1337735924		t866	16

t818	JDw	to	mention	the	for	your	1337731327		t872	15

t823	JDw	to	mention	you	what	see	1340067979		t1114	8

t821	JDw	to	mention	being	expected	stefpos	1340237302		t1138	6

t817	JDw	to	mention	here	being	mentioned	1340412919		t1160	16

t820	JDw	to	mention	his	process	seem	1340414103		t1167	16

t1633	JDw	to	mention	http	happy	wiederkehr	1350090044		t1826	15

t1713	JDw	from	mention	happy	wiederkehr	company	1350090244		t1827	13

t1277	JDw	from	mention	http	nice	happy	1350176909		t1828	6

t1603	JDw	from	mention	probably	talk	others	1351385966		t2007	3

t1082	JDw	to	mention	happy	visualisingdata	moebio	1352767327		t2082	11

t1066	JDw	from	mention	moebio	datatelling	luck	1352770656		t2082	13

t1240	JDw	from	mention	too	happy	moebio	1352769427		t2085	9

